anomaly_score,block_id,anomaly
0.017494373,144,0
0.021422451,145,0
0.020543806,146,0
0.017798344,147,0
0.01739784,148,0
0.016758079,149,0
0.016408341,150,0
0.019603426,151,0
0.022016782,153,0
0.019875623,154,0
0.021196447,155,0
0.022581017,157,0
0.023693496,160,0
0.024962425,162,0
0.020456536,163,0
0.02257247,164,0
0.02856716,165,0
0.02249187,166,0
0.023799712,168,0
0.028950686,169,0
0.026303165,171,0
0.028839834,172,0
0.03659227,175,0
0.035093408,176,0
0.032816004,178,0
0.034475975,179,0
0.036531016,180,0
0.03430512,182,0
0.031981666,183,0
0.03188412,184,0
0.031113494,185,0
0.033053175,186,0
0.030610427,187,0
0.027986778,189,0
0.033822298,190,0
0.025638461,192,0
0.027433254,193,0
0.031639192,194,0
0.033878796,195,0
0.02837833,196,0
0.039986387,197,1
0.030453594,198,0
0.029166732,199,0
0.0233287,200,0
0.029283985,201,0
0.028304368,202,0
0.027358592,203,0
0.02730664,204,0
0.02945938,205,0
0.02421934,206,0
0.021056687,208,0
0.020014612,210,0
0.021000851,211,0
0.024583183,212,0
0.020075347,214,1
0.024960294,216,0
0.021917716,217,0
0.022846092,218,0
0.025499767,219,0
0.033559613,220,0
0.030250452,221,0
0.032127913,222,0
0.032070376,225,0
0.033758596,226,0
0.031840786,227,0
0.040189937,229,0
0.034335718,230,0
0.031628616,231,0
0.026793424,233,0
0.03297709,235,0
0.041564073,236,0
0.026172798,238,0
0.028621478,239,0
0.027941426,240,0
0.023201106,241,0
0.022121329,242,0
0.024630036,243,0
0.029229792,247,0
0.0325702,248,0
0.027014716,249,0
0.032030713,252,0
0.036037456,255,0
0.038632095,256,0
0.038158737,257,0
0.039833274,258,0
0.042447075,259,0
0.04900899,260,0
0.040452592,261,0
0.042149287,262,0
0.040956236,263,0
0.041410614,264,0
0.03643578,266,0
0.040628195,267,0
0.042768043,268,0
0.045597926,269,0
0.0521657,270,1
0.050089657,271,0
0.044117227,272,0
0.04273144,273,0
0.038614195,274,0
0.030622346,275,0
0.032028176,277,0
0.033302367,278,0
0.0336076,280,0
0.034600206,281,0
0.03442186,282,0
0.035934392,283,0
0.02824328,571,0
0.028987918,572,0
0.024539946,574,0
0.030207384,576,0
0.031715512,577,0
0.025299167,578,0
0.027229093,579,1
0.026071647,581,0
0.026041932,583,0
0.029756017,584,0
0.025967162,585,0
0.03189661,586,0
0.037418228,589,0
0.03185901,590,0
0.036794577,591,0
0.042657383,592,0
0.042840883,593,0
0.041465674,594,0
0.03847001,595,0
0.04211207,596,0
0.040932857,597,0
0.02308871,600,0
0.020317215,601,0
0.022445887,602,0
0.018300349,603,0
0.016872846,604,0
0.020903243,605,0
0.029507559,606,1
0.026149625,607,0
0.03023033,609,0
0.032176968,611,0
0.028089838,613,0
0.033402063,615,0
0.035380375,617,0
0.03337419,618,1
0.03410483,619,0
0.032362346,620,0
0.02939773,621,0
0.0356421,622,0
0.033835437,623,0
0.031565912,624,0
0.035106175,625,0
0.03076227,626,0
0.03178492,627,0
0.039888088,628,0
0.041445684,629,0
0.032959316,631,0
0.04584165,632,0
0.033537917,633,0
0.029759733,635,0
0.03373842,636,0
0.03653026,637,0
0.033267688,638,0
0.038118653,640,0
0.0395131,642,0
0.03177606,643,0
0.03590129,644,0
0.035344403,645,0
0.03553785,646,0
0.03376878,647,1
0.029376056,648,0
0.030383049,649,0
0.031079158,650,0
0.030408667,651,0
0.030649306,653,0
0.029004935,654,0
0.028469665,655,0
0.031671043,656,0
0.028527094,657,0
0.026809592,660,0
0.027935004,662,0
0.031556364,663,0
0.02987885,665,0
0.030033406,666,0
0.02994361,667,0
0.03153764,668,0
0.03741565,669,0
0.0226122,672,0
0.019733269,673,0
0.020490427,674,0
0.024443192,675,0
0.040031884,677,1
0.024015727,680,0
0.021789864,681,0
0.022928411,684,0
0.024505032,686,0
0.024032807,687,0
0.026124755,688,0
0.023958307,689,0
0.018270979,691,0
0.020505264,692,0
0.021314241,693,0
0.017492183,695,0
0.017810702,696,0
0.024114437,697,0
0.02213619,698,0
0.023345755,699,0
0.026520617,700,0
0.025867965,701,0
0.02740689,702,0
0.03138072,704,0
0.030143645,705,0
0.03386828,706,0
0.03421525,707,0
0.038455576,708,0
0.03874139,709,0
0.0373702,711,0
0.043997895,712,0
0.031055428,1143,0
0.02963771,1144,0
0.029987928,1145,0
0.02808674,1146,0
0.032449286,1149,0
0.03254034,1150,0
0.03424953,1152,0
0.03488126,1155,0
0.036546994,1156,0
0.03275688,1159,0
0.035145454,1160,0
0.035931826,1161,0
0.03288564,1162,0
0.032636266,1163,0
0.036262535,1164,0
0.034306716,1165,0
0.022969605,1166,0
0.022425901,1167,0
0.022826958,1168,0
0.0242326,1170,0
0.024337424,1171,0
0.022848427,1172,0
0.023172274,1173,0
0.021840356,1174,0
0.02299902,1175,0
0.022698486,1177,0
0.023104481,1178,0
0.022034783,1179,0
0.02462334,1181,0
0.026638284,1182,0
0.026822666,1183,0
0.02590661,1184,0
0.024106814,1187,0
0.022503437,1188,0
0.023260081,1189,0
0.02194263,1190,0
0.02390077,1191,0
0.022255873,1192,0
0.022930363,1193,0
0.020963702,1195,0
0.021595018,1196,0
0.021039778,1198,0
0.022305224,1199,0
0.0259553,1201,0
0.024736142,1202,0
0.021566363,1203,0
0.022352451,1204,0
0.022269253,1205,0
0.023280216,1206,0
0.020274486,1208,0
0.019298477,1209,0
0.019672243,1210,0
0.026311418,1213,0
0.024484193,1214,0
0.025737919,1216,0
0.030670775,1217,0
0.030368779,1218,0
0.030031733,1219,0
0.022281138,1220,0
0.028349353,1221,0
0.02637408,1222,0
0.026373686,1223,0
0.033755288,1224,0
0.037198137,1225,0
0.03567518,1226,0
0.030446306,1227,0
0.037390165,1229,0
0.03655426,1230,0
0.041580997,1231,0
0.03617333,1233,0
0.034611087,1235,0
0.035874274,1236,0
0.03652488,1237,0
0.033470135,1238,0
0.035456274,1239,0
0.033457175,1240,0
0.039787214,1243,0
0.040961765,1244,0
0.0443008,1245,0
0.041553244,1246,0
0.044908125,1247,0
0.049807843,1248,0
0.050689682,1249,0
0.04540487,1250,0
0.04995198,1251,0
0.04621425,1252,0
0.048722424,1253,0
0.05536801,1255,0
0.049103003,1256,0
0.057989694,1257,0
0.05038372,1258,0
0.052257217,1259,0
0.04961503,1260,0
0.052468665,1261,0
0.059686363,1263,0
0.05277657,1264,0
0.048456863,1265,0
0.048256513,1266,0
0.05434544,1267,0
0.04848818,1268,0
0.051330287,1270,0
0.061506357,1272,0
0.053888503,1273,0
0.024848135,1274,0
0.026855191,1276,0
0.035832908,1278,0
0.023818752,1280,0
0.023853641,1281,0
0.025065208,1282,0
0.024098767,1284,0
0.023649508,1285,0
0.022469655,1288,0
0.023785742,1289,0
0.023362234,1291,0
0.024183564,1292,0
0.023898026,1293,1
0.023084646,1294,0
0.023030156,1295,0
0.023860665,1296,0
0.023878353,1297,0
0.022717878,1301,0
0.023085477,1302,0
0.02240542,1303,0
0.023150904,1305,0
0.024554377,1307,0
0.023291474,1309,0
0.023453264,1310,0
0.05881205,1311,0
0.052662335,1312,0
0.05656237,1315,1
0.05472768,1316,1
0.048690055,1317,0
0.058550246,1319,1
0.05738756,1320,1
0.052586053,1321,1
0.057808142,1322,1
0.04749659,1323,0
0.038803138,1324,0
0.03727907,1325,0
0.035746466,1327,0
0.040992193,1328,0
0.03154402,1330,0
0.027170451,1331,0
0.03248882,1335,0
0.027303305,1336,0
0.024967814,1337,0
0.024758397,1338,0
0.025255587,1341,0
0.020917607,1342,0
0.02287561,1343,0
0.02241674,1344,0
0.021888161,1345,0
0.0240263,1348,0
0.02255787,1349,0
0.024808142,1350,0
0.0290593,1351,0
0.027083067,1353,0
0.028803488,1354,0
0.03049982,1355,0
0.031897385,1356,0
0.028462518,1357,0
0.033974916,1359,0
0.033780057,1360,0
0.038127597,1361,0
0.032896075,1363,0
0.03535076,1364,0
0.03744406,1365,0
0.036972333,1368,0
0.039738413,1369,0
0.038325064,1370,0
0.038850177,1371,0
0.03515671,1372,0
0.03984016,1373,0
0.035186853,1374,0
0.03372552,1375,0
0.039179955,1376,0
0.04026077,1377,0
0.03976663,1378,0
0.03961765,1379,0
0.037734058,1380,0
0.050850898,1381,0
0.050641153,1382,0
0.04716057,1383,0
0.04926588,1384,0
0.054358907,1385,0
0.047394894,1386,0
0.046703182,1387,0
0.049605902,1388,0
0.05465457,1389,0
0.05038319,1390,0
0.052224312,1392,0
0.056852944,1393,0
0.050169207,1394,0
0.05238837,1396,0
0.052203353,1397,0
0.047537077,1398,0
0.05089759,1400,0
0.055371016,1401,0
0.054834142,1402,0
0.04784399,1403,0
0.04561213,1404,0
0.044537168,1406,0
0.03268361,1698,0
0.033713795,1699,0
0.031174773,1700,0
0.040512946,1702,0
0.04426597,1703,0
0.041885883,1704,0
0.05456504,1706,0
0.062155813,1708,0
0.064358905,1709,0
0.0638683,1710,0
0.06555682,1711,0
0.06124613,1712,0
0.028572176,1714,0
0.028689472,1715,0
0.025561254,1717,0
0.02452796,1718,0
0.02985545,1719,0
0.03244336,1720,0
0.03797628,1721,0
0.0343754,1722,0
0.035678018,1723,0
0.03285624,1724,0
0.033765562,1725,0
0.02862039,1726,0
0.0301631,1727,0
0.027894232,1730,0
0.026461799,1731,0
0.021632744,1732,0
0.020533124,1733,0
0.021383556,1734,0
0.021261726,1735,0
0.021556273,1737,0
0.019268466,1739,0
0.020504896,1740,0
0.02134964,1742,0
0.026651917,2012,0
0.026009666,2013,0
0.025504945,2014,0
0.023795713,2015,0
0.026090426,2016,0
0.024673656,2017,0
0.024774663,2018,0
0.022833688,2021,0
0.021637492,2022,0
0.022794109,2023,0
0.021228336,2024,0
0.021478066,2025,0
0.024392579,2027,0
0.025305795,2029,0
0.02311493,2030,0
0.031497873,2031,0
0.026012132,2033,0
0.03672959,2035,1
0.029354084,2036,0
0.03113798,2037,0
0.027266523,2038,0
0.036015127,2039,0
0.031582877,2040,0
0.030903867,2041,0
0.030578325,2042,0
0.030903988,2044,0
0.036660857,2048,0
0.03059987,2049,0
0.028847093,2050,0
0.02904565,2051,0
0.029618232,2052,0
0.027879206,2053,0
0.024396824,2054,0
0.02679044,2055,0
0.023979947,2056,0
0.02458744,2057,0
0.026344225,2058,0
0.027394153,2059,0
0.02903607,2060,0
0.026856026,2061,0
0.028041909,2062,0
0.024763193,2064,0
0.028099421,2065,0
0.0237434,2066,0
0.023609664,2067,0
0.022103949,2068,0
0.020730492,2069,0
0.02011112,2070,0
0.020236311,2071,0
0.033915214,2072,0
0.030761613,2073,0
0.028549029,2077,0
0.026484976,2078,0
0.026433526,2079,0
0.029227484,2080,0
0.028642671,2081,0
0.02528307,2082,0
0.025710996,2083,0
0.024136307,2084,0
0.02600537,2085,0
0.02712435,2086,0
0.026488537,2087,0
0.024859106,2088,0
0.02941159,2089,0
0.028675755,2090,0
0.030456468,2091,0
0.032445066,2092,0
0.031494565,2093,0
0.026285592,2094,0
0.025277097,2095,0
0.027012372,2096,0
0.028859265,2098,0
0.02748162,2099,0
0.03390183,2100,0
0.029590892,2101,0
0.031383596,2103,0
0.034371253,2105,0
0.035219375,2106,0
0.039240923,2107,0
0.034945242,2108,0
0.03612165,2109,0
0.0340605,2110,0
0.037449095,2111,0
0.03274581,2113,0
0.036058336,2115,0
0.03477504,2116,0
0.029954504,2118,0
0.032480463,2119,0
0.031607315,2120,0
0.03238832,2121,0
0.03256254,2122,0
0.030611997,2123,0
0.033901263,2124,0
0.032736648,2125,0
0.034140248,2127,0
0.031218467,2128,0
0.034615852,2129,0
0.039859142,2130,0
0.03359744,2131,0
0.03457166,2134,0
0.03587153,2135,0
0.031125957,2136,0
0.03245119,2137,0
0.028462412,2138,0
0.032212388,2139,0
0.029488271,2140,0
0.028933099,2141,0
0.029079702,2143,0
0.027500205,2144,0
0.030983154,2146,0
0.034389228,2147,0
0.035892352,2148,0
0.033481438,2149,0
0.020164685,2150,0
0.023842635,2152,0
0.023771944,2153,0
0.024899278,2478,0
0.022586996,2480,0
0.022438036,2481,0
0.02245988,2483,0
0.021820784,2484,0
0.023061205,2485,0
0.022690777,2486,0
0.023636134,2488,0
0.022908147,2489,0
0.021251077,2490,0
0.024507536,2494,0
0.027113864,2495,0
0.024695124,2497,0
0.022242617,2498,0
0.02203017,2499,0
0.019576794,2501,0
0.018660815,2502,0
0.018574174,2503,0
0.02207881,2504,0
0.024715649,2505,0
0.026421763,2506,0
0.025602337,2507,0
0.026096782,2511,0
0.028291717,2512,0
0.032406256,2513,0
0.034437697,2514,0
0.027898738,2515,0
0.028742688,2516,0
0.029030677,2517,0
0.025265602,2518,0
0.017260749,2519,0
0.02201022,2520,0
0.020388711,2522,0
0.026195139,2523,0
0.019734785,2524,0
0.020886132,2525,0
0.018431265,2526,0
0.026483344,2527,0
0.02148364,2529,0
0.020791778,2530,0
0.024976928,2531,0
0.019629143,2533,0
0.018614227,2534,0
0.01793688,2535,0
0.02102902,2536,0
0.020614674,2537,0
0.020226792,2538,0
0.01799789,2540,0
0.019690119,2541,0
0.01933591,2542,0
0.018129699,2544,0
0.022867259,2546,0
0.017963342,2547,0
0.020186521,2548,0
0.018589374,2549,0
0.017630748,2551,0
0.02164479,2558,0
0.019425383,2559,0
0.024530321,2560,0
0.018047461,2561,0
0.020173656,2562,0
0.023336876,2563,0
0.021222744,2564,0
0.02445196,2565,0
0.023004476,2566,0
0.020988109,2567,0
0.023952506,2568,0
0.025184648,2569,0
0.022280945,2570,0
0.023636283,2571,0
0.024559809,2572,0
0.02462907,2573,0
0.02433324,2575,0
0.023040425,2576,0
0.025062691,2577,0
0.023670878,2578,0
0.024724478,2579,0
0.021610418,2580,0
0.02232172,2581,0
0.022297988,2584,0
0.022088876,2585,0
0.023527028,2586,0
0.023897203,2587,0
0.023578547,2588,0
0.021289045,2589,0
0.021758467,2590,0
0.021761052,2591,0
0.019316878,2592,0
0.017899573,2594,0
0.019168753,2595,0
0.019947924,2596,0
0.021052884,2597,0
0.021947943,2598,0
0.021815447,2599,0
0.018593498,2600,0
0.023711096,2602,0
0.019459587,2603,0
0.016638892,2604,0
0.01898637,2605,0
0.02143375,2606,0
0.019684214,2607,0
0.018475045,2608,0
0.018216858,2609,0
0.020349044,2611,0
0.020197907,2612,0
0.018913811,2613,0
0.021833898,2614,0
0.02200446,2615,0
0.024080671,2616,0
0.022259329,2617,0
0.024352215,2618,0
0.018929701,2619,0
0.019063886,2620,0
0.017574906,2621,0
0.017698474,2623,0
0.017465832,2625,0
0.018368104,2627,0
0.016917434,2628,0
0.016309513,2629,0
0.01830189,2630,0
0.02111326,2631,0
0.017383303,2632,0
0.02127545,2633,0
0.023215326,2635,0
0.017351443,2636,0
0.019545814,2637,0
0.020579293,2639,0
0.022377864,2640,0
0.03351588,2642,0
0.031760816,2643,0
0.032813754,2644,0
0.031303436,2645,0
0.03217759,2646,0
0.0267062,2647,0
0.021589039,2649,0
0.026948128,2650,0
0.028292472,2651,0
0.020141536,2653,0
0.02861477,2654,0
0.02129153,2655,0
0.02082115,2657,0
0.026541553,2658,0
0.024014149,2659,0
0.020090621,2661,0
0.02016096,2662,0
0.022526398,2663,0
0.021175984,2664,0
0.020215051,2665,0
0.021527138,2666,0
0.020818666,2667,0
0.025126737,2668,1
0.0270959,2669,0
0.022387583,2672,0
0.026908526,2673,0
0.020226175,2674,0
0.01809338,2675,0
0.02228895,2676,0
0.020631136,2678,0
0.020098044,2679,0
0.018269867,2680,0
0.020539233,2681,0
0.021598507,2682,0
0.0200124,2683,0
0.01924156,2684,0
0.01960782,2685,0
0.019489612,2686,0
0.019149622,2687,0
0.019644959,2688,0
0.02565681,2690,0
0.023884883,2691,0
0.028869003,2692,0
0.026117994,2693,0
0.032362346,2694,0
0.030411454,2695,0
0.028701147,2696,0
0.0306767,2698,0
0.038577907,2699,0
0.035425104,2700,0
0.040233478,2701,0
0.036377124,2702,0
0.036262017,2703,0
0.034604806,2704,0
0.034776263,2705,0
0.03984059,2706,0
0.03906454,2707,1
0.039594166,2708,0
0.039749093,2710,0
0.039363604,2711,0
0.04170114,2712,0
0.037254937,2713,0
0.029161664,2715,0
0.028243113,2716,0
0.02966762,2717,0
0.030595912,2718,0
0.030401703,2719,0
0.031119935,2720,0
0.028121753,2721,0
0.033407558,2724,0
0.033096015,2725,0
0.03592886,2726,0
0.036285438,2727,0
0.03134024,2728,0
0.03242521,2729,0
0.035143744,2730,0
0.030871952,2731,0
0.03662108,2732,0
0.030115131,2733,0
0.028546644,2734,0
0.030418579,2735,0
0.031492572,2736,0
0.033249322,2737,0
0.0323242,2738,0
0.030832222,2740,0
0.031436823,2742,0
0.03151574,2743,0
0.030650917,2744,0
0.030386603,2745,0
0.031957176,2746,0
0.03426583,2748,0
0.027795527,2749,0
0.024877893,2750,0
0.029023796,2751,0
0.03012441,2752,0
0.02762343,2753,0
0.028189182,2754,0
0.027271178,2755,0
0.028952498,2756,0
0.02692792,2757,0
0.027902558,2758,0
0.02638394,2759,0
0.028542029,2760,0
0.027029973,2761,0
0.030731032,2762,0
0.03075781,2763,0
0.02953687,2764,0
0.035200585,2766,0
0.03071122,2768,0
0.030216673,2769,0
0.033530347,2771,1
0.03463735,2772,0
0.035416555,2773,0
0.031702805,2774,0
0.03196926,2775,0
0.031216389,2776,0
0.033685576,2779,0
0.037957303,2780,0
0.037734386,2781,0
0.03300076,2782,0
0.03205852,2785,1
0.033240404,2786,0
0.03561205,2788,0
0.045565315,2790,0
0.024367066,2793,0
0.026036581,2795,0
0.028407132,2796,0
0.02808894,2797,0
0.026391944,2798,0
0.028260322,2799,0
0.024499163,2801,0
0.040787797,2803,0
0.037518293,2804,0
0.04070769,2805,0
0.03738827,2806,0
0.0402776,2807,0
0.039964247,2808,0
0.038498774,2809,0
0.041181788,2810,0
0.042534456,2811,0
0.05034431,2812,1
0.046727177,2813,0
0.04298119,2814,0
0.044992387,2815,0
0.04376356,2816,0
0.048006643,2817,0
0.049569845,2821,0
0.044803545,2822,0
0.047201686,2823,0
0.04089414,2824,0
0.042550437,2825,0
0.037731353,2826,0
0.035252977,2827,0
0.039624304,2828,0
0.040205646,2830,0
0.029174896,2833,0
0.025686543,2834,0
0.027100382,2836,0
0.034580223,2837,0
0.037329394,2838,0
0.03552586,2841,0
0.037835125,2843,0
0.039717294,2844,0
0.036262766,2845,0
0.039309967,2847,0
0.03595481,2849,0
0.033315618,2850,0
0.031817224,2851,0
0.035732064,2852,0
0.035429083,2853,0
0.031331167,2855,0
0.030278526,2856,0
0.031852495,2857,0
0.02856087,2858,0
0.025597956,2859,0
0.025268191,2860,0
0.03564282,2861,0
0.041348472,2863,1
0.03686599,2864,0
0.044958077,2865,1
0.030954119,2867,0
0.031689122,2868,0
0.03258437,2869,0
0.037496142,2870,0
0.035462365,2871,0
0.034322508,2872,0
0.033608727,2875,0
0.032385115,2876,0
0.031832784,2877,0
0.031184364,2878,0
0.03142375,2879,0
0.03430544,2880,0
0.035155486,2881,0
0.03483501,2882,0
0.036436267,2883,0
0.024190743,2884,0
0.036755715,2885,0
0.036627386,2886,0
0.033015475,2887,0
0.037446164,2888,0
0.02551604,2890,0
0.028432628,2891,0
0.025816847,2892,0
0.025793232,2893,0
0.029415028,2894,0
0.025179416,2895,0
0.027836725,2896,0
0.02559246,2897,0
0.026147705,2898,0
0.026032807,2899,0
0.03021019,2900,0
0.029483875,2901,0
0.036054567,2902,1
0.032729115,2904,0
0.03232842,2905,0
0.034421097,2907,1
0.033171076,2909,0
0.02605454,4060,0
0.02418454,4061,0
0.0247019,4062,0
0.02452029,4064,0
0.025196679,4065,0
0.022684809,4066,0
0.024420574,4069,0
0.023327744,4072,0
0.024429865,4073,0
0.020985093,4074,0
0.021798825,4075,0
0.021506144,4077,0
0.023916002,4079,0
0.022930685,4080,0
0.022294026,4082,0
0.022456337,4084,0
0.024234183,4085,0
0.023158172,4086,1
0.023344055,4087,1
0.020657308,4090,0
0.022065377,4091,0
0.02307312,4093,0
0.024621285,4094,0
0.02500299,4095,0
0.025739748,4096,0
0.027742064,4097,0
0.02477004,4098,0
0.024858454,4099,0
0.024003608,4100,0
0.027552493,4101,0
0.027145052,4102,0
0.02723626,4103,0
0.028360505,4105,0
0.028389035,4106,1
0.029000126,4108,0
0.032497864,4109,0
0.02880108,4111,0
0.03105764,4112,0
0.03155967,4113,0
0.026578367,4116,0
0.02559073,4117,0
0.025306871,4120,0
0.027506005,4121,1
0.027763454,4122,0
0.027453544,4123,0
0.03006078,4124,0
0.031345315,4125,0
0.02674501,4127,0
0.03020508,4128,0
0.029095862,4129,0
0.03111079,4131,0
0.028872449,4132,0
0.030796753,4133,0
0.030424958,4134,0
0.032793272,4135,0
0.034461886,4136,0
0.032592956,4138,0
0.032800842,4140,1
0.029082611,4141,0
0.02798757,4142,0
0.029027194,4143,0
0.031032007,4144,0
0.031045774,4145,0
0.031629976,4146,0
0.028802542,4147,0
0.02785242,4149,0
0.02714966,4150,0
0.028207202,4151,0
0.024862155,4152,0
0.023001667,4154,0
0.023216397,4155,0
0.025138244,4156,0
0.022422176,4157,0
0.025678819,4158,0
0.023255277,4159,0
0.024547355,4160,0
0.024011506,4161,0
0.024318354,4162,0
0.025153158,4164,0
0.023508873,4165,0
0.02372274,4166,0
0.02357662,4168,0
0.024620043,4169,0
0.02574835,4170,0
0.023718853,4171,0
0.023190157,4172,0
0.024156757,4173,0
0.027058436,4174,0
0.02459546,4175,0
0.027439492,4177,0
0.027805816,4178,0
0.024814477,4179,0
0.024443703,4180,0
0.025738688,4181,0
0.027129402,4183,0
0.027761728,4184,0
0.028117308,4185,0
0.030821629,4186,0
0.032234717,4187,0
0.032306023,4188,0
0.030871902,4189,0
0.028181044,4191,0
0.026983986,4193,0
0.024490412,4194,0
0.026347676,4195,0
0.027367722,4196,0
0.025471078,4198,0
0.024675561,4199,0
0.025635898,4200,0
0.027239256,4201,0
0.026753882,4202,0
0.027893947,4203,0
0.0335873,4343,0
0.028443439,4344,0
0.026346255,4345,0
0.028871756,4346,0
0.018937122,4347,0
0.021916458,4348,0
0.022498729,4350,0
0.025870657,4351,0
0.024010167,4352,0
0.0242137,4354,0
0.029967394,4358,0
0.031378873,4359,0
0.030689934,4360,0
0.03516304,4361,0
0.037430473,4363,0
0.035287447,4365,0
0.039004505,4366,0
0.03578606,4367,0
0.03206309,4368,0
0.036246773,4370,0
0.032689724,4371,0
0.034733586,4372,0
0.034489963,4373,0
0.03309146,4374,0
0.037612077,4375,1
0.033667456,4376,0
0.032335266,4377,0
0.036574792,4378,0
0.03376855,4380,0
0.03403855,4381,0
0.03367655,4382,0
0.03501892,4383,0
0.030685822,4386,0
0.027233083,4387,0
0.028008498,4388,0
0.02422599,4389,0
0.027562516,4390,0
0.027631143,4391,0
0.024917401,4392,0
0.02049412,4393,0
0.022982826,4394,0
0.024337294,4395,0
0.023817634,4397,0
0.026555708,4398,0
0.027912352,4399,0
0.023212072,4400,0
0.025505124,4401,0
0.023080662,4402,0
0.025143305,4403,0
0.039679248,4406,0
0.03920786,4407,0
0.04167511,4408,0
0.0340119,4409,0
0.034441873,4410,0
0.035916235,4411,0
0.034899767,4412,0
0.03583312,4414,0
0.035661682,4415,0
0.038093135,4416,0
0.034445997,4418,0
0.039543588,4419,1
0.033823483,4420,0
0.04058751,4421,0
0.035394933,4422,0
0.03524059,4423,0
0.03767804,4424,0
0.027298898,4425,0
0.019421479,4426,0
0.024383904,4428,0
0.028037162,4429,0
0.02427057,4430,0
0.02487799,4432,0
0.023377856,4433,0
0.025947455,4435,0
0.027309263,4436,0
0.028298533,4437,1
0.02657331,4438,1
0.02816652,4439,1
0.028833011,4440,1
0.026722586,4442,0
0.03137649,4443,0
0.020826606,4447,0
0.020676792,4448,0
0.022532761,4449,0
0.01737665,4450,0
0.017253155,4451,0
0.017043743,4452,0
0.017173376,4453,0
0.029488489,4456,0
0.03219528,4457,0
0.029515589,4458,0
0.03242763,4460,0
0.037776846,4461,1
0.02768311,4462,0
0.027832903,4463,0
0.03393184,4464,0
0.027255813,4465,0
0.036550082,4466,0
0.031640396,4468,0
0.031667195,4469,0
0.032940924,4471,0
0.03145402,4473,0
0.024546526,4474,0
0.025868025,4475,0
0.025518423,4476,0
0.028101198,4477,0
0.027737997,4478,0
0.029450273,4479,0
0.02479525,4480,0
0.022259302,4481,0
0.028816884,4483,0
0.029152282,4484,0
0.024785046,4486,0
0.029793896,4487,0
0.027378079,4489,0
0.0294174,4491,0
0.037063144,4492,0
0.043244258,4493,0
0.042028613,4494,0
0.03927932,4495,0
0.04011043,4496,0
0.038100477,4497,0
0.03484674,4498,0
0.033328295,4499,1
0.039866883,4500,0
0.035421863,4501,0
0.041011695,4502,0
0.043286357,4503,0
0.038952637,4504,0
0.03881764,4506,0
0.038560614,4507,0
0.038838107,4508,0
0.045322582,4509,0
0.041481785,4510,0
0.04051299,4512,0
0.040079746,4513,0
0.043768596,4515,1
0.045850575,4516,0
0.050560538,4518,0
0.04043825,4520,0
0.04100247,4523,0
0.039086733,4524,0
0.03661423,4525,0
0.039108176,4526,0
0.03861933,4527,0
0.033755135,4528,1
0.03356856,4529,0
0.037849363,4530,0
0.0335116,4531,0
0.036132585,4532,0
0.035435677,4534,1
0.029773308,4536,0
0.027074609,4537,0
0.023741145,4540,0
0.02896495,4542,0
0.023914311,4544,0
0.024237292,4545,0
0.023500474,4546,0
0.024842313,4548,0
0.023035038,4549,0
0.017645992,4550,0
0.018866593,4551,0
0.023480205,4552,0
0.021870753,4553,0
0.021449698,4555,0
0.019759083,4556,0
0.037300557,4557,0
0.042975087,4558,0
0.039673608,4559,0
0.036514252,4561,0
0.038713716,4562,0
0.040934972,4563,0
0.037764437,4564,0
0.03878289,4565,0
0.040154412,4566,0
0.039914567,4568,0
0.04455256,4569,0
0.04060579,4571,0
0.041592896,4572,0
0.038845584,4574,0
0.03688664,4575,0
0.037268512,4576,0
0.038275093,4577,0
0.038587723,4578,0
0.038969953,4580,0
0.043422952,4581,0
0.03911902,4582,0
0.039167568,4583,0
0.040866,4584,0
0.04018654,4585,0
0.040389426,4586,0
0.04018278,4587,0
0.04052389,4588,0
0.024738245,4589,0
0.018286133,4590,0
0.0189659,4591,0
0.016838146,4592,0
0.016077736,4593,0
0.017982058,4594,0
0.017923756,4596,0
0.014072523,4597,0
0.016315458,4599,0
0.01586799,4601,0
0.033131182,4602,0
0.03124174,4604,0
0.037960865,4605,0
0.0407389,4606,0
0.035106633,4607,0
0.040600866,4608,0
0.03949141,4609,0
0.03935066,4610,0
0.03709615,4611,0
0.044976573,4612,0
0.038860474,4613,0
0.04009126,4615,0
0.03465681,4616,0
0.035473283,4617,0
0.03940717,4618,0
0.03979383,4619,0
0.035760548,4620,0
0.03415035,4621,0
0.038880747,4622,0
0.033573985,4623,0
0.033544563,4624,0
0.03368688,4625,0
0.03655004,4626,0
0.036193706,4627,0
0.033600554,4628,0
0.022365417,4630,0
0.032095432,5636,0
0.0332054,5637,0
0.03266392,5640,0
0.03227456,5641,0
0.034173306,5642,0
0.03228714,5643,0
0.03176751,5644,0
0.03054239,5645,0
0.031835105,5646,0
0.032880317,5647,0
0.032897215,5649,0
0.032022566,5652,0
0.036783107,5653,0
0.03606704,5654,0
0.03790158,5655,0
0.038689453,5658,0
0.038915433,5660,0
0.04029703,5661,0
0.037989967,5662,0
0.039977364,5663,0
0.041251395,5664,0
0.042767357,5665,0
0.039213248,5666,0
0.036574677,5667,0
0.040149562,5668,0
0.039242163,5670,0
0.035945572,5671,0
0.03709458,5672,0
0.036567047,5673,0
0.035911184,5674,0
0.04062598,5675,0
0.035586685,5676,0
0.034604583,5677,0
0.03796274,5678,0
0.037434187,5679,0
0.037331145,5680,0
0.037795316,5681,0
0.036840785,5682,0
0.038209777,5683,0
0.037630256,5684,0
0.03547521,5685,0
0.036488377,5687,0
0.03821973,5688,0
0.03653657,5690,0
0.035814088,5692,0
0.0382818,5693,0
0.035705827,5694,0
0.039248813,5695,0
0.035916764,5696,0
0.03777532,5697,0
0.040683683,5698,0
0.03880946,5699,0
0.03710291,5700,0
0.036010817,5702,0
0.036404297,5703,0
0.04072771,5706,0
0.0361052,5707,0
0.036390882,5708,0
0.03918626,5709,0
0.040603895,5710,0
0.035909846,5712,0
0.039271027,5713,0
0.036042895,5714,0
0.037412398,5715,0
0.036182962,5716,0
0.039378103,5717,0
0.036196902,5718,0
0.037049334,5719,0
0.034062535,5720,0
0.038108286,5721,0
0.035546206,5722,0
0.03502725,5724,0
0.03620896,5725,0
0.03367343,5726,0
0.036623754,5727,0
0.0313993,5728,0
0.038267735,5729,0
0.034051742,5730,0
0.036914907,5731,0
0.031697523,5732,0
0.029223748,5734,0
0.031530257,5735,0
0.039904747,5736,0
0.043173257,5737,1
0.03804262,5740,0
0.03609894,5741,0
0.033976935,5742,0
0.029945625,5743,0
0.03401958,5744,0
0.03312819,5745,0
0.03412136,5746,0
0.03628337,5747,0
0.032413773,5748,0
0.030119197,5749,0
0.035282977,5750,0
0.03150044,5751,0
0.03195761,5752,0
0.027198033,5753,0
0.025894193,5754,0
0.027806506,5755,0
0.029042682,5758,0
0.028771386,5759,0
0.026830751,5760,0
0.028243443,5761,0
0.029685691,5762,0
0.028750528,5763,0
0.02874027,5764,0
0.029730603,5766,0
0.028299425,5769,0
0.029643705,5770,0
0.030539125,5772,0
0.027287662,5773,0
0.0280547,5774,0
0.026753033,5775,0
0.024735635,5777,0
0.029511109,5778,0
0.026124474,5779,0
0.034350015,5781,0
0.031703457,5783,0
0.036880203,5784,1
0.03621176,5785,0
0.03483115,5786,0
0.03690694,5787,0
0.036635008,5788,0
0.033924323,5789,0
0.0352766,5790,0
0.035382792,5791,0
0.03601954,5792,0
0.039034866,5793,0
0.036838915,5795,1
0.036210295,5796,1
0.036206294,5797,1
0.037031595,5798,0
0.036318902,5800,0
0.035732444,5801,0
0.035309482,5802,0
0.03491566,5803,0
0.037758738,5804,0
0.038988594,5805,0
0.038179643,5806,0
0.039581075,5807,0
0.04259985,5810,0
0.039580677,5811,0
0.039727543,5813,0
0.042655893,5814,0
0.04154011,5815,0
0.04067678,5816,0
0.042475913,5817,0
0.04637126,5820,0
0.0410152,5822,0
0.041733164,5823,0
0.038126618,5824,0
0.039156646,5825,0
0.026942557,5826,0
0.02967276,5827,0
0.027177129,5828,0
0.025933648,5829,0
0.030740453,5830,0
0.031086927,5831,0
0.032387856,5832,0
0.03381395,5833,0
0.032485772,5834,0
0.03500373,5835,0
0.030809842,5836,0
0.03518813,5837,0
0.035974212,5838,0
0.032158233,5839,0
0.03247939,5840,0
0.03917378,5841,0
0.037338953,5843,0
0.04292039,5844,0
0.037966833,5845,0
0.03934427,5847,0
0.039020453,5848,0
0.038116746,5849,0
0.038444895,5850,1
0.037093814,5851,0
0.03633736,5852,0
0.038958527,5853,0
0.035543736,5854,0
0.039436232,5855,0
0.04117103,5856,0
0.044290565,5857,0
0.036809623,5858,0
0.038631964,5860,0
0.04268623,5861,0
0.043223288,5862,0
0.04356655,5863,0
0.049223967,5864,0
0.038625944,5865,0
0.036098715,5866,0
0.044765893,5867,0
0.04510613,5868,0
0.047935735,5869,0
0.041630626,5870,0
0.03842793,5872,0
0.0396604,5873,0
0.03943904,5875,0
0.042282254,5876,0
0.038287308,5877,0
0.03710389,5878,0
0.043196045,5879,0
0.044118136,5880,0
0.042730458,5881,0
0.04329061,5882,0
0.042732038,5884,0
0.033529494,5885,0
0.04015818,5886,0
0.0369199,5887,0
0.034846365,5889,0
0.039513517,5890,0
0.036977936,5891,0
0.038730755,5892,0
0.03816168,5893,0
0.03760332,5894,0
0.0390349,5895,0
0.03838054,5896,0
0.042020097,5897,0
0.03863826,5899,0
0.036541842,5900,0
0.037498016,5902,0
0.04575415,5904,0
0.045449596,5905,0
0.047804285,5907,0
0.04154116,5913,0
0.04080843,5914,0
0.044600718,5915,0
0.048378948,5916,0
0.042746346,5917,0
0.04130316,5918,0
0.047189165,5919,0
0.04273615,5920,0
0.036057472,5921,0
0.038155597,5923,0
0.033360466,5924,0
0.038365614,5926,1
0.03543917,5928,0
0.033962153,5929,0
0.048498917,5934,1
0.04685813,5935,1
0.04368169,5937,0
0.04407602,5938,0
0.044821337,5939,0
0.045894634,5940,0
0.047029022,5942,0
0.05395831,5943,0
0.051979907,5945,0
0.049294095,5947,0
0.050833773,5948,0
0.04880116,5949,0
0.044668484,5950,0
0.043132108,5952,0
0.04248473,5953,0
0.04335765,5954,0
0.0535636,5955,0
0.047435474,5956,0
0.052610233,5959,0
0.054543395,5960,0
0.054569956,5961,0
0.05530931,5962,0
0.056342386,5963,0
0.05804722,5964,0
0.05783756,5966,0
0.05577805,5967,0
0.057438307,5968,0
0.058916535,5969,0
0.050696813,5970,0
0.052966762,5971,1
0.047858045,5972,0
0.050682638,5973,0
0.049643785,5974,0
0.04592162,5975,0
0.051568735,5976,0
0.04605004,5977,0
0.04161155,5978,0
0.046756044,5979,0
0.05071476,5980,0
0.050444316,5982,0
0.047225818,5983,0
0.053861637,5984,0
0.053234473,5985,0
0.052327238,5986,0
0.05323625,5987,0
0.052816775,5988,0
0.05463321,5989,0
0.05075591,5990,0
0.048535105,5991,0
0.052276947,5992,0
0.05201406,5994,0
0.05092532,5995,0
0.048985895,5997,0
0.05349325,5998,0
0.055658862,5999,0
0.053564277,6000,0
0.06345405,6001,0
0.053826574,6002,0
0.05512476,6003,0
0.056256153,6006,0
0.054365415,6007,0
0.050382223,6008,0
0.0482387,6009,0
0.04634385,6011,0
0.04387949,6013,0
0.044169195,6014,0
0.045960497,6015,0
0.043371357,6016,0
0.042101216,6018,0
0.03419549,6019,0
0.02599747,6020,0
0.02885654,6021,0
0.034890607,6023,0
0.034565985,6024,0
0.039543513,6025,0
0.031642422,6026,0
0.028293032,6028,0
0.02772734,6029,0
0.026489008,6030,0
0.025725909,6032,0
0.026701208,6033,0
0.02668646,6034,0
0.024294214,6035,0
0.023013653,6036,0
0.02739015,6037,0
0.028864203,6038,0
0.031603344,6039,0
0.029059522,6040,0
0.027581677,6041,0
0.028204875,6042,0
0.027559465,6043,0
0.028619144,6044,0
0.02993778,6045,0
0.027312616,6046,1
0.033649795,6048,0
0.026031118,6049,0
0.023971705,6050,0
0.028983079,6051,0
0.028292535,6052,0
0.025940256,6053,0
0.024851058,6054,0
0.033505145,6055,0
0.03448684,6056,0
0.028928444,6058,0
0.028864684,6059,0
0.03168649,6060,0
0.03391679,6062,0
0.03147891,6063,0
0.033406045,6065,0
0.03260542,6066,0
0.03490884,6067,0
0.04004468,6232,0
0.03970904,6233,0
0.027470883,6235,0
0.027240941,6236,0
0.028091416,6237,0
0.034671515,6238,0
0.034420546,6239,0
0.034538068,6240,0
0.03283739,6241,0
0.03588358,6242,0
0.03717428,6243,0
0.037650105,6244,0
0.0402966,6245,0
0.038940035,6246,0
0.04254301,6247,0
0.04287403,6249,0
0.042934023,6250,0
0.038513195,6251,0
0.038657174,6252,0
0.03799075,6253,0
0.039985728,6254,0
0.04114321,6255,0
0.03657681,6257,0
0.037931714,6258,0
0.03765844,6259,0
0.035310272,6261,0
0.035423998,6262,0
0.03491123,6263,0
0.032209862,6264,0
0.035560053,6265,0
0.03230723,6267,0
0.032282837,6268,0
0.031429157,6269,0
0.032238886,6271,0
0.033104174,6272,0
0.03232748,6273,0
0.031826884,6274,0
0.033138655,6275,0
0.03222833,6276,0
0.03207037,6277,0
0.03176296,6278,0
0.031915035,6279,0
0.030173102,6280,0
0.03576775,6281,0
0.03275086,6282,0
0.032633454,6283,0
0.03288483,6284,0
0.033735316,6285,0
0.0363021,6287,0
0.03252298,6288,0
0.033566248,6291,0
0.033339858,6292,0
0.030847521,6293,0
0.03396983,6295,0
0.034661897,6296,0
0.031166565,6297,0
0.03102746,6299,0
0.024675934,6906,0
0.029858239,6908,0
0.03237105,6909,0
0.027318282,6910,0
0.027379714,6911,0
0.025284404,6913,0
0.027046945,6914,0
0.026425552,6915,0
0.02845493,6917,0
0.033620685,6918,0
0.030120298,6920,0
0.03440651,6921,0
0.034520425,6922,0
0.03596468,6924,0
0.03241586,6925,0
0.031431247,6926,0
0.033908926,6927,0
0.033349603,6928,0
0.032569703,6929,0
0.031998366,6931,0
0.03193033,6932,0
0.033949025,6934,0
0.035174668,6935,0
0.029804755,6937,0
0.030433252,6938,0
0.03142017,6939,0
0.027857192,6941,0
0.025118824,6942,0
0.025037693,6943,0
0.02772027,6945,0
0.027476735,6946,0
0.025239095,6947,0
0.027111152,6948,0
0.030757563,6949,0
0.026333118,6950,0
0.025948467,6951,0
0.026964806,6952,0
0.028669655,6953,0
0.033692695,6956,0
0.033837836,6957,0
0.030259173,6958,0
0.03092522,6959,0
0.028345972,6960,0
0.029492557,6961,0
0.027950441,6963,0
0.027497686,6964,0
0.02618245,6965,0
0.032905344,6966,0
0.032171044,6967,0
0.02909786,6968,0
0.031370115,6969,0
0.032848135,6970,0
0.03305357,6971,0
0.028896265,6972,0
0.03690079,6973,0
0.033380266,6974,0
0.033526525,6975,0
0.032179315,6977,0
0.030329185,6978,0
0.03209338,6979,0
0.030331325,6980,0
0.034130093,6981,0
0.035945453,6982,0
0.030966314,6983,0
0.03596413,6984,0
0.032689754,6985,0
0.026136938,6987,0
0.03041197,6988,0
0.025438413,6989,0
0.029411204,6991,0
0.02946547,6992,0
0.027305635,6993,0
0.03129323,6994,1
0.02646384,6995,0
0.023746422,6997,0
0.026746942,6998,0
0.028642695,6999,0
0.027388662,7000,0
0.02729765,7001,0
0.027474303,7002,0
0.031323377,7003,0
0.02570451,7004,0
0.029915525,7005,0
0.026522791,7007,1
0.031380866,7008,0
0.027096113,7009,0
0.022920623,7011,0
0.019316247,7012,0
0.022724798,7013,0
0.022091273,7014,0
0.01820885,7015,0
0.017698208,7016,0
0.021090977,7017,0
0.019380193,7020,0
0.024739038,7021,0
0.026601817,7023,0
0.026695106,7025,0
0.024630928,7026,0
0.027899211,7027,0
0.025331376,7028,0
0.02522301,7029,0
0.026711553,7030,0
0.026903242,7031,0
0.025317004,7033,0
0.024772406,7034,0
0.025238326,7035,0
0.025427261,7036,0
0.025958642,7037,0
0.025328422,7039,0
0.026773175,7040,0
0.023541795,7042,0
0.027993679,7043,0
0.024986437,7044,0
0.027455898,7046,1
0.026867151,7047,0
0.026691334,7048,0
0.035599533,7050,0
0.0318501,7051,0
0.03152342,7052,0
0.032017674,7053,0
0.028553952,7055,0
0.028673982,7056,0
0.03185932,7057,0
0.0306951,7058,0
0.033216912,7059,0
0.031019317,7061,0
0.03371647,7062,0
0.03370913,7063,0
0.032627117,7064,0
0.033010762,7065,0
0.035426546,7066,0
0.03772153,7067,0
0.03355471,7069,0
0.032453734,7070,0
0.031813044,7071,0
0.031965222,7072,0
0.030587215,7073,0
0.033121645,7074,0
0.031127384,7075,0
0.03299447,7076,0
0.028667357,7078,0
0.02726462,7079,0
0.02969407,7081,0
0.031086536,7082,0
0.0298596,7083,0
0.029292952,7086,0
0.03253374,7087,0
0.03331918,7088,0
0.03312874,7089,0
0.03457672,7090,0
0.031703748,7091,0
0.03306671,7092,0
0.03263836,7094,0
0.035890494,7095,0
0.02936108,7098,0
0.031017123,7099,0
0.034527935,7100,0
0.03359309,7102,0
0.036257993,7103,0
0.03683094,7104,0
0.03484752,7105,0
0.036137544,7106,0
0.03732215,7107,0
0.033509117,7108,0
0.034604914,7109,0
0.039764214,7110,0
0.034553297,7111,0
0.040159192,7114,0
0.036413874,7116,0
0.03739347,7117,0
0.028746946,7118,0
0.027946148,7119,1
0.024877656,7120,0
0.034634665,7121,0
0.04189541,7122,0
0.042536512,7124,0
0.037640482,7125,0
0.042612072,7126,0
0.04069727,7127,0
0.040601462,7128,1
0.043658704,7129,0
0.05193042,7131,0
0.05167638,7132,0
0.049509156,7133,0
0.057182856,7134,1
0.04527445,7135,0
0.054372817,7136,0
0.05444319,7139,0
0.041665073,7140,0
0.049612388,7141,1
0.040264495,7143,0
0.0414423,7144,0
0.040016405,7145,0
0.039017405,7146,0
0.03763283,7147,0
0.034059744,7148,0
0.029978178,7149,0
0.03579715,7152,0
0.03562681,7153,0
0.041296076,7154,0
0.040064905,7155,0
0.03599655,7157,0
0.03964466,7158,0
0.036869347,7159,0
0.043429866,7161,0
0.03986484,7162,0
0.040651806,7163,0
0.037142657,7164,0
0.04438015,7165,0
0.046733573,7167,0
0.042675488,7168,0
0.046506636,7169,0
0.040939,7170,0
0.04426963,7171,0
0.039540734,7172,0
0.040254813,7173,0
0.04038262,7174,0
0.030717338,7176,0
0.028033143,7177,0
0.031256504,7180,0
0.033201586,7181,0
0.033763014,7183,0
0.03163489,7184,0
0.03644502,7185,0
0.036410376,7186,0
0.03952617,7188,0
0.040418897,7190,0
0.03593649,7191,0
0.03890144,7192,0
0.03958234,7193,0
0.039807916,7194,0
0.040809453,7195,0
0.047709826,7197,0
0.048148364,7198,0
0.0483247,7199,0
0.04920092,7200,0
0.046372533,7201,0
0.04760301,7202,0
0.046984576,7203,0
0.041973308,7204,0
0.043353643,7205,0
0.045405947,7206,0
0.049044117,7207,0
0.04559274,7208,0
0.04529682,7209,0
0.045920197,7210,0
0.044119168,7211,0
0.039319966,7212,0
0.043665968,7213,0
0.037988197,7217,0
0.041803654,7219,0
0.043720637,7220,0
0.042798854,7221,0
0.045551986,7222,1
0.045683324,7223,0
0.047682438,7224,0
0.046367686,7225,0
0.0478458,7226,1
0.0471633,7228,0
0.049669463,7229,0
0.04593665,7230,0
0.047603853,7232,0
0.047815472,7233,0
0.0453783,7234,0
0.049128696,7235,0
0.049950343,7236,0
0.04816975,7237,0
0.04649872,7238,0
0.04892322,7239,0
0.029221093,7240,0
0.031114772,7242,0
0.030275173,7243,0
0.030521024,7244,0
0.03511954,7246,0
0.032301284,7247,0
0.03187921,7249,0
0.03278295,7251,0
0.027662093,7252,0
0.026939021,7253,0
0.028049266,7254,0
0.031026458,7255,0
0.04387279,7256,0
0.04064609,7257,0
0.04391754,7258,0
0.04482156,7259,0
0.047630478,7260,0
0.04403839,7261,0
0.04604518,7262,0
0.04768352,7263,0
0.048246954,7264,0
0.052923176,7265,0
0.055902712,7266,0
0.046023577,7267,0
0.049314793,7268,0
0.05324558,7269,0
0.043119606,7270,0
0.04505724,7272,0
0.04386689,7274,0
0.034628917,7275,0
0.047335103,7276,0
0.038292233,7277,0
0.043745175,7278,0
0.03800676,7279,0
0.03542346,7281,0
0.03675767,7283,0
0.04285245,7284,0
0.032972656,7287,0
0.03915584,7288,0
0.031799976,7290,0
0.030263733,7291,0
0.03586877,7292,1
0.03117791,7293,0
0.039310966,7294,0
0.034438647,7295,1
0.039304107,7296,0
0.0384912,7297,0
0.032973144,7298,0
0.03280259,7299,0
0.036457125,7300,0
0.036627766,7301,0
0.030720746,7302,0
0.03223892,7303,0
0.031024281,7304,0
0.029782373,7305,0
0.031960923,7306,0
0.028027952,7307,0
0.026090419,7309,0
0.036240727,7310,0
0.028611844,7311,0
0.028306518,7312,0
0.026529094,7313,0
0.031563736,7314,0
0.032623954,7315,0
0.02813776,7316,0
0.026910726,7317,0
0.035673574,7318,0
0.03230391,7319,0
0.031254426,7320,0
0.03012399,7321,0
0.029390294,7322,0
0.02995754,7323,0
0.029584233,7324,0
0.030578367,7325,0
0.026300794,7326,0
0.028617084,7329,0
0.028135322,7333,0
0.028200435,7335,0
0.02974822,7336,0
0.025107075,7337,0
0.03256667,8760,0
0.040883046,8761,0
0.03504908,8762,0
0.03684799,8763,0
0.036611054,8764,0
0.03614191,8766,0
0.035637695,8768,0
0.03728546,8769,0
0.035963345,8770,0
0.033014387,8771,0
0.033303972,8772,0
0.03680941,8773,0
0.03608028,8774,0
0.03470157,8775,0
0.03617451,8776,0
0.041787066,8777,0
0.039641038,8778,0
0.036653828,8779,0
0.03807441,8781,0
0.033058632,8782,0
0.031251207,8784,0
0.03141599,8786,0
0.030848492,8787,0
0.028766917,8788,0
0.035441943,8789,0
0.03404085,8791,0
0.03779333,8792,0
0.038315587,8793,0
0.034384117,8794,0
0.03751122,8795,0
0.03800524,8796,0
0.038183134,8797,0
0.040379636,8798,0
0.037706587,8799,0
0.039796893,8801,0
0.03280949,8803,0
0.034657158,8804,0
0.044941805,8805,0
0.048248947,8807,0
0.047138922,8808,0
0.04811105,8809,0
0.047314323,8810,0
0.046802443,8811,1
0.046037618,8812,0
0.042047046,8813,0
0.049961768,8814,0
0.044807203,8817,0
0.042910516,8818,0
0.04282968,8819,0
0.027189361,8821,0
0.029762518,8822,0
0.027737517,8823,0
0.02927823,8824,0
0.028785545,8825,0
0.029285425,8826,0
0.029718388,8827,0
0.027100457,8828,0
0.028896017,8829,0
0.03695838,8830,0
0.04786051,8831,0
0.043788977,8832,0
0.042671222,8833,0
0.043142863,8834,0
0.03136438,8835,0
0.030688558,8836,0
0.031658188,8837,0
0.03366395,8839,0
0.037024748,8840,0
0.03669361,8841,0
0.038370945,8843,0
0.03246751,8844,0
0.032821022,8845,0
0.0338847,8847,0
0.031699598,8849,0
0.033134837,8850,0
0.03707813,8852,0
0.026344892,8854,0
0.028658036,8855,0
0.0273019,8856,0
0.02707015,8857,0
0.029741643,8859,0
0.028399969,8860,0
0.029234271,8861,0
0.028522916,8862,0
0.030417118,8863,0
0.028287083,8865,0
0.027931461,8866,0
0.03126611,8867,0
0.028673982,8868,0
0.028689947,8869,0
0.029924434,8870,1
0.034721836,8871,1
0.030772954,8872,0
0.02936222,8873,0
0.031158743,8874,0
0.030393038,8876,0
0.030762652,8877,0
0.028293839,8878,0
0.032101963,8879,0
0.031006211,8880,0
0.03103854,8882,0
0.033974037,8883,0
0.03287185,8884,0
0.031730086,8887,0
0.03153,8888,0
0.03056726,8890,0
0.031700347,8891,0
0.02929756,8892,0
0.026986914,8896,0
0.028653711,8897,0
0.026274959,8898,0
0.026819516,8899,0
0.028556325,8903,0
0.026929287,8905,0
0.029868858,8906,1
0.031165086,8907,0
0.029374823,8909,0
0.028291307,8910,0
0.028128615,8911,0
0.027195288,8912,0
0.027088406,8913,0
0.026282443,8915,0
0.025742972,8916,0
0.026269648,8917,0
0.026372623,8918,0
0.025782246,8919,0
0.026972882,8921,0
0.027579162,8922,0
0.026161918,8923,0
0.02826665,8924,1
0.027233703,8926,0
0.027009927,8927,0
0.026879976,8928,0
0.025096506,8932,0
0.025853401,8934,0
0.02526309,8936,0
0.027856164,8939,0
0.02899313,8940,0
0.031484015,8941,0
0.031231083,8942,0
0.02688371,8943,0
0.03296692,8944,0
0.029181547,8947,0
0.031859033,8948,0
0.03705267,8949,0
0.035615083,8950,0
0.03764306,8951,0
0.04446482,8952,1
0.037371375,8955,0
0.0384576,8956,0
0.044075795,8957,0
0.040944476,8958,0
0.040508904,8959,0
0.035206594,8960,0
0.029712183,8961,0
0.034892954,8962,0
0.029874634,8964,0
0.031606335,8965,0
0.03390548,8966,0
0.028312959,8967,0
0.032539833,8968,0
0.036787264,8969,0
0.033589352,8970,0
0.030673541,8971,0
0.032034658,8972,0
0.037085257,8974,0
0.036254905,8975,0
0.0337035,8976,0
0.033494405,8977,0
0.034810655,8978,0
0.03723324,8979,0
0.03720239,8980,0
0.039456986,8983,0
0.035297666,8984,0
0.043184347,8986,0
0.03911013,8987,0
0.03966623,8988,0
0.036636606,8990,0
0.040570453,8992,0
0.04601802,8993,0
0.03804066,8996,0
0.03743834,8997,0
0.041058943,8998,0
0.039739806,8999,0
0.039082542,9000,0
0.041059334,9002,0
0.04124642,9003,0
0.038108584,9004,0
0.0387691,9005,0
0.034089487,9007,0
0.03487526,9008,0
0.03423036,9009,0
0.036532845,9010,1
0.038489655,9011,0
0.038850907,9013,1
0.036680207,9014,0
0.03723679,9015,0
0.035935886,9016,0
0.036634892,9017,0
0.03621527,9018,0
0.034359884,9019,0
0.03048206,9020,0
0.032603014,9021,0
0.030464878,9022,0
0.030068578,9023,0
0.02802557,9024,0
0.029543957,9025,0
0.027437873,9026,0
0.029768584,9027,0
0.027035497,9028,0
0.026137758,9029,1
0.026308388,9030,0
0.02951116,9031,0
0.026492711,9034,0
0.027242774,9035,0
0.030157166,9037,0
0.02940418,9038,0
0.030738866,9039,0
0.029441772,9041,0
0.031406086,9042,0
0.027752206,9043,0
0.030755982,9044,0
0.032782823,9045,0
0.028769907,9046,0
0.03027378,9047,0
0.04511109,9187,0
0.037729952,9188,0
0.040379107,9190,0
0.040369123,9191,0
0.043549407,9192,0
0.041816533,9193,0
0.044972595,9194,0
0.03908756,9195,0
0.043445513,9198,0
0.04207585,9199,0
0.038358834,9200,0
0.039312985,9201,0
0.043307394,9202,1
0.040147092,9203,0
0.04007678,9204,0
0.03537772,9207,0
0.041591074,9208,0
0.036615342,9209,0
0.03790052,9210,0
0.035935953,9212,0
0.0416997,9214,0
0.044178106,9215,1
0.029090986,9216,0
0.031366643,9217,0
0.037388302,9218,0
0.033168834,9219,0
0.02666808,9221,0
0.037841696,9222,0
0.03626843,9223,0
0.03797956,9224,0
0.039249014,9225,0
0.038808,9226,0
0.039989535,9227,0
0.04039911,9228,0
0.040896643,9229,0
0.040379804,9231,0
0.040783133,9232,0
0.041760415,9233,0
0.049591742,9236,0
0.04604167,9237,0
0.043770395,9238,0
0.04699463,9239,0
0.04782988,9240,0
0.04760788,9241,0
0.048978344,9242,0
0.054303024,9243,0
0.04767064,9244,0
0.04481759,9245,0
0.04582387,9246,0
0.046704434,9247,0
0.04931771,9248,0
0.053901214,9249,0
0.03805051,9250,0
0.030633371,9251,0
0.033114005,9252,0
0.034621235,9253,0
0.03084074,9254,0
0.02881653,9255,0
0.033453345,9257,0
0.027714435,9258,0
0.028736284,9259,0
0.028214458,9260,0
0.0308446,9261,0
0.03049503,9262,0
0.029700829,9263,0
0.029679883,9264,0
0.031661257,9265,0
0.03154745,9266,0
0.0272245,9268,0
0.030489745,9269,0
0.026610017,9271,0
0.02508128,9272,0
0.026275476,9274,0
0.028575689,9275,0
0.028179321,9276,0
0.02914285,9277,0
0.02650596,9279,0
0.030070344,9281,0
0.040467586,9282,0
0.04416867,9283,0
0.044540104,9284,0
0.038538754,9286,0
0.039593965,9288,0
0.043118365,9289,0
0.03627501,9290,0
0.036277484,9291,0
0.035242762,9293,0
0.04410378,9297,0
0.048729014,9298,0
0.043620203,9299,0
0.045034792,9300,0
0.048940226,9301,0
0.046825875,9303,0
0.04811426,9304,1
0.05043054,9305,1
0.056374684,9306,1
0.04761677,9307,1
0.04459007,9308,0
0.053875227,9309,0
0.051767737,9311,0
0.046653572,9312,0
0.045841258,9313,0
0.04634361,9314,0
0.045687575,9315,0
0.04078688,9316,1
0.04146795,9317,0
0.040864874,9319,0
0.0427471,9320,0
0.040459882,9322,0
0.044892617,9323,0
0.042249575,9324,0
0.044595372,9326,0
0.045200534,9327,0
0.041507617,9328,0
0.04444584,9329,0
0.030277455,10483,0
0.02835778,10484,0
0.029083021,10485,0
0.03012444,10486,0
0.030376215,10487,0
0.032424744,10488,0
0.029890971,10489,0
0.029180678,10490,0
0.03197092,10491,0
0.056042045,10493,1
0.050306287,10495,0
0.02942985,10496,0
0.030125989,10497,0
0.028998984,10498,0
0.028720489,10500,0
0.029633954,10501,0
0.02676122,10503,0
0.026430339,10504,0
0.03713127,10505,0
0.03958019,10506,0
0.035774108,10507,0
0.030269215,10509,0
0.029733991,10510,0
0.025136707,10511,0
0.030864261,10512,0
0.030141164,10513,0
0.03149802,10514,0
0.028942378,10515,0
0.027697917,10516,0
0.027785465,10517,0
0.03032562,10518,0
0.030370604,10519,0
0.029380953,10521,0
0.028739184,10522,0
0.03216895,10523,0
0.026759986,10524,0
0.027238674,10525,0
0.02648644,10526,0
0.029200459,10527,0
0.02658398,10528,0
0.031241091,10530,0
0.040514253,10531,0
0.036374267,10532,0
0.03520311,10533,0
0.03645391,10535,0
0.043239582,10536,0
0.040294744,10537,0
0.04020767,10538,0
0.037273556,10540,0
0.04488075,10541,1
0.036115892,10542,0
0.034449454,10543,0
0.031255525,10544,0
0.031547982,10547,0
0.025398398,10548,0
0.028104588,10549,0
0.037187885,10550,0
0.029734077,10551,0
0.03282846,10552,0
0.028519193,10553,0
0.03337161,10554,0
0.035772044,10555,1
0.024379177,10558,0
0.023456361,10559,0
0.02385543,10560,0
0.026261121,10561,0
0.033117086,10562,0
0.025719024,10563,0
0.025730599,10564,0
0.0254757,10565,0
0.018824626,10567,0
0.025198795,10568,0
0.024155453,10569,0
0.029397575,10571,0
0.032582447,10573,0
0.027986076,10574,0
0.039556067,10575,0
0.036590517,10576,0
0.032786164,10577,0
0.034953453,10578,0
0.035483107,10579,0
0.03972225,10580,0
0.038036346,10581,0
0.036259968,10582,0
0.037519727,10583,0
0.03729088,10584,0
0.03468643,10588,0
0.033029165,10589,0
0.033066638,10590,0
0.039301008,10591,0
0.020442786,10594,0
0.024317605,10595,0
0.031612944,10597,0
0.03186893,10598,0
0.02700439,10599,0
0.02801868,10600,0
0.027815517,10601,0
0.02923515,10602,0
0.026702138,10603,0
0.030362578,10604,0
0.031175679,10605,0
0.033194084,10606,0
0.036245715,10607,1
0.027119292,10608,0
0.029030299,10609,0
0.029689826,10610,0
0.039206646,10611,0
0.029520717,10612,0
0.028794566,10613,0
0.025672274,10614,0
0.027720783,10615,0
0.02999342,10616,0
0.032610256,10617,0
0.0384781,10619,0
0.04028236,10621,0
0.036518615,10622,0
0.039045386,10624,0
0.034410723,10768,0
0.03200114,10769,0
0.03342208,10770,0
0.03921197,10771,0
0.043506466,10772,0
0.04461651,10773,0
0.044132914,10774,0
0.040485937,10775,0
0.046051037,10776,0
0.033393957,10778,0
0.030183323,10779,0
0.035190932,10780,0
0.033557706,10781,0
0.03569582,10782,0
0.031965252,10784,0
0.029196892,10785,0
0.029692762,10786,0
0.020462107,10788,0
0.024524372,10792,0
0.024534618,10793,0
0.03239281,10795,0
0.028747,10796,0
0.03320785,10797,0
0.032619998,10798,0
0.025147507,10800,0
0.026486427,10801,0
0.030657707,10802,0
0.028988747,10803,0
0.029845342,10804,0
0.02809407,10805,0
0.030159004,10808,0
0.032611858,10809,0
0.030024754,10810,0
0.031112658,10811,0
0.022852816,10812,0
0.028263183,10814,0
0.02521399,10815,0
0.02596923,10816,0
0.03037431,10819,0
0.03244419,10820,0
0.03462643,10821,0
0.030248817,10823,0
0.029238299,10824,0
0.028542995,10825,0
0.028552853,10826,0
0.026500853,10829,0
0.025707275,10831,0
0.026287772,10832,0
0.024917807,10833,0
0.026611283,10834,0
0.026751362,10835,0
0.02496544,10836,0
0.02592127,10837,0
0.02563869,10838,0
0.024210455,10839,0
0.025080284,10840,0
0.024295108,10841,0
0.024718529,10842,0
0.02481773,10843,0
0.024848806,10844,0
0.02741437,10845,0
0.026871089,10847,0
0.025603935,10849,0
0.02614115,10850,0
0.026417037,10851,0
0.025505632,10852,0
0.02576384,10853,0
0.025778187,10854,0
0.02659878,10855,0
0.027961973,10856,0
0.026600102,10857,0
0.025961416,10860,0
0.024328375,10861,0
0.02632951,10862,0
0.024751196,10863,0
0.029886633,10864,0
0.027845183,10865,1
0.030282356,10866,0
0.024786204,10867,0
0.026426079,10868,0
0.027651327,10869,0
0.025745409,10871,0
0.028016841,10872,0
0.02768755,10873,0
0.028826455,10875,0
0.029890843,10876,0
0.028891597,10877,0
0.030933144,10878,0
0.032027416,10879,0
0.028752277,10880,0
0.02830397,10881,0
0.029971464,10882,0
0.027654547,10883,0
0.031491037,10884,0
0.029979797,10886,0
0.029077338,10887,0
0.02902639,10888,0
0.029046115,10889,0
0.02934712,10890,0
0.029742895,10891,0
0.030474085,10892,0
0.030012898,10893,0
0.031176236,10894,0
0.03376413,10895,0
0.03215231,10896,0
0.026470203,10897,0
0.028466502,10898,0
0.02709712,10899,0
0.025145128,10900,0
0.024961825,10901,0
0.025087578,10902,0
0.025801709,11047,0
0.025987381,11048,0
0.026853696,11049,0
0.024756432,11050,0
0.026463015,11051,0
0.02720818,11052,0
0.025402695,11053,0
0.02841638,11054,0
0.025798984,11056,0
0.030867714,11057,0
0.03202252,11058,0
0.024264716,11059,0
0.042548377,11060,1
0.029413074,11061,0
0.027796661,11062,0
0.029904734,11063,0
0.025305606,11064,0
0.021992298,11065,0
0.026817283,11067,0
0.023954453,11068,0
0.023242075,11069,0
0.027073879,11071,0
0.023867913,11072,0
0.03021572,11073,0
0.02782687,11074,0
0.026266739,11075,0
0.029700933,11077,0
0.027713645,11078,0
0.02560202,11079,0
0.027575053,11080,0
0.026625425,11081,0
0.024623254,11082,0
0.031293403,11083,0
0.02718892,11085,0
0.031581476,11086,0
0.026150376,11088,0
0.024136886,11089,0
0.025073284,11090,0
0.025387486,11091,0
0.029358933,11092,0
0.030800343,11094,0
0.02366823,11095,0
0.026672594,11096,0
0.026372034,11097,0
0.025328003,11098,0
0.026685389,11099,0
0.027022881,11100,0
0.025773445,11101,0
0.025699334,11102,0
0.02783442,11103,0
0.0308353,11105,0
0.030231018,11106,0
0.02873066,11107,0
0.028979313,11108,0
0.028861076,11109,0
0.02936528,11110,0
0.029140234,11112,0
0.030023554,11113,0
0.02822996,11114,0
0.028077135,11115,0
0.025578795,11116,0
0.023524996,11118,0
0.025869409,11120,0
0.024643151,11121,0
0.02433992,11122,0
0.02431182,11125,0
0.0253485,11126,0
0.02447115,11127,0
0.025538923,11128,0
0.025057426,11129,0
0.025714202,11132,0
0.026659966,11133,0
0.027213711,11134,0
0.03671132,11135,0
0.038630556,11137,0
0.038754452,11138,0
0.027361175,11146,0
0.026835995,11147,0
0.028294716,11148,0
0.02844226,11150,0
0.025809173,11152,0
0.025237076,11153,0
0.02472737,11155,0
0.02520482,11156,0
0.025671123,11157,0
0.02702435,11158,0
0.025245834,11159,0
0.025868459,11160,0
0.025624137,11161,0
0.025254605,11162,0
0.025426073,11163,0
0.02471446,11164,0
0.024046889,11165,0
0.022630556,11166,0
0.021527864,11168,0
0.022061253,11169,0
0.021312246,11170,0
0.021853613,11171,0
0.021718856,11172,0
0.02217688,11173,0
0.021819593,11174,0
0.021504248,11175,0
0.022140006,11177,0
0.021295285,11178,0
0.020643825,11179,0
0.022638835,11180,0
0.021468634,11181,0
0.022674555,11182,0
0.021200612,11183,0
0.022572137,11184,0
0.022406287,11185,0
0.02157397,11186,0
0.0223838,11188,0
0.022603506,11189,0
0.02240526,11190,0
0.023049014,11191,0
0.022712152,11192,0
0.021885946,11193,0
0.022297591,11194,0
0.02135691,11195,0
0.021065034,11196,0
0.021753583,11197,0
0.021664927,11199,0
0.02183414,11200,0
0.022444878,11201,0
0.02216169,11202,0
0.021933785,11203,0
0.0208594,11204,0
0.022364123,11205,0
0.021230668,11206,0
0.022703733,11207,0
0.022153936,11208,0
0.030380787,11209,0
0.027957527,11212,0
0.03181869,11213,0
0.032624852,11214,0
0.030180171,11216,0
0.027578749,11217,0
0.028599001,11219,0
0.030007219,11221,0
0.02936029,11225,0
0.027692962,11227,0
0.028159061,11229,0
0.026184892,11230,0
0.027195964,11231,0
0.026802652,11232,0
0.02692618,11233,0
0.028254304,11234,0
0.028312685,11235,0
0.030390544,11236,0
0.029431459,11237,0
0.026996942,11238,0
0.02631198,11239,0
0.026921203,11240,0
0.029303666,11242,0
0.028198373,11243,0
0.025467534,11244,0
0.029697174,11245,0
0.026979957,11246,0
0.026685525,11247,0
0.029077731,11248,0
0.034978103,11251,0
0.03431261,11252,0
0.037613202,11254,0
0.037622627,11255,0
0.031084443,11256,0
0.033927403,11257,0
0.034878463,11259,0
0.038346678,11260,0
0.03516124,11261,0
0.03746624,11263,0
0.04176526,11264,0
0.040578544,11265,0
0.039040875,11266,0
0.03463598,11267,0
0.04233884,11268,0
0.03747184,11269,0
0.03365848,11270,0
0.042735126,11271,0
0.035858393,11272,0
0.041956343,11276,0
0.03865749,11277,0
0.03850834,11278,0
0.03741127,11279,0
0.04095281,11280,0
0.036783252,11281,0
0.04404026,11427,0
0.037515506,11429,0
0.036119062,11430,0
0.03793933,11431,0
0.036004774,11432,0
0.033050828,11433,0
0.034672,11434,0
0.040398914,11435,0
0.036669828,11437,0
0.037814293,11438,0
0.04209837,11439,0
0.035468303,11442,0
0.039752793,11443,0
0.03950139,11444,0
0.20463398,11445,1
0.024718022,11966,0
0.024964275,11967,0
0.025830042,11968,0
0.024522148,11969,0
0.024893425,11970,0
0.023228506,11971,0
0.026736572,11972,0
0.026230374,11973,0
0.024222534,11974,0
0.024398709,11975,0
0.026472729,11976,0
0.024404261,11977,0
0.031580023,11978,1
0.025984468,11979,0
0.025272144,11980,0
0.025271693,11981,0
0.02511901,11982,0
0.02536696,11983,0
0.025334544,11984,0
0.025860881,11985,0
0.028071092,11986,0
0.021895489,11987,0
0.030305518,11988,0
0.025259819,11989,0
0.027740931,11990,0
0.028133575,11991,0
0.025864007,11992,0
0.025714694,11993,0
0.02610472,11994,0
0.026191443,11995,0
0.024133904,11996,0
0.02316141,11997,0
0.026176427,11998,0
0.024764229,12000,0
0.024807936,12001,0
0.02453388,12002,0
0.026779804,12004,0
0.024536239,12005,0
0.026876582,12007,0
0.024921503,12008,0
0.02558418,12009,0
0.026367677,12010,0
0.02622454,12011,0
0.02368517,12012,0
0.025487589,12013,0
0.022549035,12014,0
0.02280559,12015,0
0.018208655,12016,0
0.020986354,12018,0
0.022764167,12019,0
0.017329767,12021,0
0.020437216,12023,0
0.017610105,12024,0
0.01673177,12025,0
0.018874759,12027,0
0.019406945,12028,0
0.018957242,12030,0
0.017463991,12031,0
0.020671057,12032,0
0.019889142,12035,0
0.019823402,12036,0
0.017547453,12039,0
0.02180653,12040,0
0.021051807,12042,0
0.017888663,12043,0
0.016780462,12045,0
0.016939964,12046,0
0.017878763,12047,0
0.014748799,12048,0
0.021606406,12049,0
0.01926833,12050,0
0.020519607,12051,0
0.022790505,12052,0
0.020573651,12056,0
0.021094218,12058,0
0.018460618,12059,0
0.02096962,12060,0
0.019818239,12061,0
0.020184403,12062,0
0.022587376,12063,0
0.020775363,12065,0
0.02035868,12066,0
0.01926697,12070,0
0.019336615,12071,0
0.01939213,12072,0
0.019794133,12073,0
0.018924918,12074,0
0.017578168,12075,0
0.020755796,12076,0
0.01977541,12077,0
0.014338688,12078,0
0.015865048,12079,0
0.01734243,12081,0
0.016362999,12082,0
0.017595189,12083,0
0.019890025,12084,0
0.0156298,12085,0
0.01824773,12086,0
0.017047819,12087,0
0.017414909,12088,0
0.01609949,12089,0
0.017861156,12090,0
0.015571875,12091,0
0.017766755,12092,0
0.016382964,12093,0
0.015339802,12094,0
0.019496191,12095,0
0.016562449,12096,0
0.016930183,12098,0
0.017062902,12100,0
0.017077183,12101,0
0.016723644,12102,0
0.015410713,12104,0
0.017769609,12105,0
0.014994988,12106,0
0.016025454,12107,0
0.016848207,12108,0
0.018816233,12685,0
0.015703693,12687,0
0.01867522,12688,0
0.017550653,12689,0
0.017620452,12690,0
0.018588016,12691,0
0.015587196,12692,0
0.022859264,12693,0
0.017471993,12694,0
0.01572433,12695,0
0.01984531,12696,0
0.017245807,12697,0
0.016796164,12698,0
0.0166346,12699,0
0.01823177,12700,0
0.016387844,12701,0
0.017941022,12704,0
0.01719827,12705,0
0.01622114,12707,0
0.017625984,12708,0
0.017554542,12709,0
0.017223919,12711,0
0.016966818,12712,0
0.018110067,12713,0
0.016602198,12715,0
0.01607015,12717,0
0.018261403,12719,0
0.01792699,12720,0
0.01712692,12721,0
0.018205823,12722,0
0.016126417,12725,0
0.01523848,12726,0
0.016686715,12727,0
0.018026855,12729,0
0.017279217,12730,0
0.01695862,12731,0
0.016625898,12732,0
0.01672348,12733,0
0.016132455,12735,0
0.01638341,12737,0
0.015795877,12738,0
0.0155978305,12739,0
0.01575422,12741,0
0.01506425,12742,0
0.014827859,12745,0
0.015341926,12746,0
0.015764676,12747,0
0.015691672,12748,0
0.015548494,12749,0
0.015234587,12750,0
0.016296163,12751,1
0.015678558,12753,0
0.015862614,12754,0
0.014294203,12755,0
0.015018028,12756,0
0.016114293,12757,0
0.01919293,12758,0
0.019297948,12761,0
0.019458534,12762,0
0.02016739,12763,0
0.01897956,12764,0
0.019444257,12765,0
0.019039653,12766,0
0.019983867,12767,0
0.018929293,12768,0
0.019704275,12771,0
0.01908851,12772,0
0.01892376,12773,0
0.019323021,12775,0
0.019169403,12776,0
0.018844733,12777,0
0.019487726,12778,0
0.019984713,12779,0
0.019571407,12780,0
0.019241847,12781,0
0.019981164,12783,0
0.019322122,12784,0
0.019913735,12785,0
0.02030783,12787,0
0.019776473,12788,0
0.019483207,12789,0
0.020507112,12790,0
0.02056247,12791,0
0.019834824,12792,0
0.020686619,12795,0
0.019942017,12796,0
0.020972122,12797,0
0.020503005,12798,1
0.020263875,12799,0
0.01955685,12800,0
0.020005498,12801,0
0.020231191,12802,0
0.020118248,12803,0
0.02005619,12804,0
0.019948734,12805,0
0.020521313,12806,0
0.020504279,12807,0
0.020779015,12809,0
0.020868652,12810,0
0.020361375,12812,0
0.01998286,12814,0
0.020136332,12815,0
0.01929755,12816,0
0.01941272,12817,0
0.019409943,12818,0
0.02008109,12819,0
0.01989978,12820,0
0.019661086,12823,0
0.020459445,12824,0
0.0195434,12825,0
0.019684164,12826,0
0.01976453,12827,0
0.020073589,12828,0
0.021251205,12829,0
0.021354876,12830,1
0.020875962,12831,0
0.021598332,12832,0
0.022767238,12834,0
0.02073968,12835,1
0.020249601,12836,0
0.020730052,12837,0
0.020916237,12838,0
0.02158242,12839,0
0.020353835,12840,0
0.019554367,12841,0
0.0208172,12842,0
0.020126812,12844,0
0.020434437,12845,1
0.020559369,12846,0
0.020550044,12848,0
0.020196928,12849,0
0.02008322,12851,0
0.02051735,12852,0
0.019643178,12853,0
0.020502005,12855,0
0.020458477,12856,0
0.020637449,12858,0
0.020284059,12859,0
0.020674378,12860,0
0.020622047,12862,0
0.019965492,12863,0
0.02133179,12864,0
0.020928383,12865,0
0.020044867,12866,0
0.020805743,12867,0
0.0211015,12868,0
0.021203937,12869,0
0.020753926,12872,0
0.021128204,12873,0
0.020310855,12877,0
0.02024908,12879,0
0.020109517,12880,0
0.019540286,12881,0
0.018787459,12882,0
0.018871952,12883,0
0.019349115,12884,0
0.019428484,12885,0
0.019378055,12886,0
0.0187154,12887,0
0.019540412,12888,0
0.019613016,12889,0
0.019051937,12890,0
0.019009454,12891,0
0.019074373,12892,0
0.019050093,12893,0
0.019087737,12894,0
0.019852301,12896,0
0.020251222,12897,1
0.020074887,12898,0
0.020402368,12899,0
0.019950371,12900,0
0.020334247,12901,0
0.020286608,12902,0
0.02043482,12903,0
0.020519415,12904,0
0.019569581,12905,0
0.020655805,12906,0
0.019778054,12907,0
0.020642808,12908,0
0.019883128,12911,0
0.019814787,12912,0
0.02017555,12913,0
0.019807851,12914,0
0.019595265,12915,0
0.01931966,12917,0
0.019873232,12918,0
0.019571146,12919,0
0.02000102,12921,0
0.01931089,12922,0
0.019793527,12923,0
0.01950039,12924,0
0.020260176,12925,0
0.02015957,12926,0
0.019554684,12927,0
0.020714952,12928,0
0.019685596,12929,0
0.01995569,12930,0
0.021166978,12931,1
0.020214312,12932,0
0.021247841,12933,0
0.019731987,12935,0
0.021106854,12936,0
0.020397013,12937,0
0.019868173,12938,0
0.02088522,12939,0
0.020297097,12940,0
0.020271933,12942,0
0.020860344,12943,0
0.020491637,12944,0
0.020312581,12945,0
0.020065295,12948,0
0.020360025,12949,0
0.020287808,12950,0
0.020014994,12951,0
0.020010263,12952,0
0.020217635,12953,0
0.019564865,12954,0
0.019958744,12955,0
0.020113083,12956,0
0.0201449,12957,0
0.019893931,12958,0
0.020875711,12959,0
0.020125698,12961,0
0.019497678,12962,0
0.019641547,12964,0
0.019795442,12965,0
0.019599974,12967,0
0.019729204,12968,0
0.019925684,12969,0
0.020282496,12970,0
0.020253757,12971,0
0.019476587,12972,0
0.019128496,13352,0
0.023022374,13353,1
0.022462042,13354,0
0.020374412,13355,0
0.02329129,13356,0
0.02090443,13357,0
0.023763776,13358,0
0.020887818,13359,0
0.022086743,13360,0
0.023733055,13361,0
0.024525177,13362,0
0.022699945,13363,0
0.02158979,13364,0
0.022768637,13365,0
0.022038486,13366,0
0.025242338,13367,0
0.02384577,13369,0
0.024233779,13370,0
0.022346485,13371,0
0.020686464,13373,0
0.023002096,13374,0
0.022366641,13375,0
0.022763483,13376,0
0.022882318,13377,0
0.022214178,13379,0
0.023405237,13382,0
0.028832294,13384,0
0.025052404,13385,0
0.024237165,13386,0
0.022175863,13387,0
0.023607817,13388,0
0.023073481,13390,0
0.025918053,13391,1
0.02348356,13392,0
0.023342766,13394,0
0.0216954,13395,0
0.023499992,13396,0
0.021617062,13398,1
0.01961516,13399,0
0.021952165,13400,0
0.023747627,13401,0
0.021801995,13402,0
0.022636658,13403,0
0.020199792,13404,0
0.02189007,13405,0
0.024210915,13406,0
0.0230001,13407,0
0.024255272,13408,0
0.02118089,13409,0
0.02050449,13410,0
0.021873955,13413,0
0.022553187,13414,0
0.023113009,13416,0
0.019762026,13417,0
0.017372955,13419,0
0.019363936,13420,0
0.021462949,13421,0
0.021977222,13423,0
0.021899752,13424,0
0.02447679,13425,0
0.023423081,13426,0
0.026607264,13428,0
0.023990685,13430,0
0.020434672,13431,0
0.02657617,13432,0
0.023052808,13433,0
0.022861157,13435,0
0.021270316,13436,0
0.020603757,13437,0
0.019171124,13438,0
0.018626835,13440,0
0.01966863,13441,0
0.019864637,13442,0
0.02091614,13444,0
0.01899853,13445,0
0.019620486,13446,0
0.022422591,13447,0
0.020121688,13449,0
0.020561375,13451,0
0.021978345,13452,0
0.018994441,13453,0
0.02179744,13454,0
0.0234008,13455,0
0.021739673,13456,0
0.021437775,13457,0
0.020366598,13458,0
0.01780615,13459,0
0.01926436,13460,0
0.022037214,13461,0
0.022703629,13462,0
0.024362832,13463,0
0.021048397,13464,0
0.022995818,13465,0
0.022183923,13466,0
0.02065372,13467,0
0.019947927,13469,0
0.020686498,13470,0
0.019855948,13473,0
0.02201131,13474,0
0.020915933,13475,0
0.022846702,13476,0
0.022820404,13477,0
0.01951261,13478,0
0.022712074,13479,0
0.024357347,13480,0
0.020890765,13482,0
0.026168384,13483,0
0.02768382,13484,0
0.026562573,13485,0
0.025685225,13487,0
0.02739164,13488,0
0.021065049,13489,0
0.022475816,13490,0
0.026180133,13491,0
0.023118326,13492,0
0.029308805,13494,0
0.028068785,13495,0
0.018172307,13633,0
0.018844003,13634,0
0.01754997,13636,0
0.020056924,13637,0
0.019056339,13638,0
0.018927043,13639,0
0.018775675,13640,0
0.019808061,13641,0
0.02088039,13643,0
0.019864528,13644,0
0.018909086,13645,0
0.019247869,13646,0
0.021825746,13648,0
0.020729875,13649,0
0.021114377,13650,0
0.020508306,13651,0
0.02015358,13652,0
0.020363735,13654,0
0.020874131,13655,0
0.020080704,13656,0
0.01948372,13657,0
0.02039343,13658,0
0.019206632,13660,0
0.018913306,13661,0
0.018854152,13663,0
0.019150997,13664,0
0.018441645,13665,0
0.02180339,13666,1
0.020250529,13667,0
0.020796496,13668,0
0.019096,13670,0
0.018497877,13673,0
0.019013336,13674,0
0.018049186,13675,0
0.01773537,13676,0
0.0188777,13677,0
0.01782939,13678,0
0.01782767,13679,0
0.018714586,13680,0
0.017719211,13681,0
0.017766513,13682,0
0.017759807,13683,0
0.018035881,13685,0
0.01772341,13686,0
0.018094124,13687,0
0.018913252,13690,0
0.018576058,13693,0
0.017883277,13694,0
0.019146452,13695,0
0.019243527,13696,1
0.018045519,13697,0
0.018070841,13698,0
0.018143386,13700,0
0.018790536,13701,0
0.017043153,13702,0
0.01759874,13703,0
0.018020593,13704,0
0.018840538,13705,1
0.018078672,13706,0
0.018402897,13707,0
0.01764333,13708,0
0.017797794,13709,0
0.017877223,13711,0
0.01898757,13712,0
0.017843517,13713,0
0.01840095,13715,0
0.018782204,13716,0
0.01824145,13717,0
0.018484766,13718,0
0.018442113,13719,0
0.019990312,13720,0
0.018978955,13721,0
0.018308546,13722,0
0.018098038,13723,0
0.017822126,13724,0
0.017887942,13725,0
0.016631152,13726,0
0.0191012,13727,0
0.01863953,13728,0
0.019257698,13730,0
0.017708143,13731,0
0.017849356,13733,0
0.018322008,13734,0
0.017674748,13735,0
0.018855924,13736,0
0.017041171,13737,0
0.017826784,13738,0
0.019336931,13739,0
0.020932507,13740,0
0.020110728,13741,0
0.02123993,13743,0
0.020262845,13745,0
0.018925661,13747,0
0.019574318,13748,0
0.020028284,13749,0
0.0188792,13750,0
0.01917955,13751,0
0.020315137,13753,0
0.020335207,13754,1
0.01943923,13755,0
0.020669783,13756,0
0.019969024,13757,0
0.019159768,13758,0
0.021007378,13760,0
0.021109678,13761,0
0.021444652,13762,0
0.022308271,13763,0
0.021370098,13764,0
0.02151482,13766,0
0.021152498,13767,0
0.021833844,13768,0
0.021490311,13769,0
0.021869902,13771,0
0.021089092,13772,0
0.021119537,13773,0
0.020267049,13775,0
0.01949637,13776,0
0.019724626,14555,0
0.022437293,14556,0
0.022261819,14557,0
0.027316034,14558,0
0.02117367,14560,0
0.02387952,14561,0
0.020932173,14562,0
0.02631627,14563,0
0.026814882,14564,0
0.026127653,14566,0
0.026659217,14567,0
0.023044858,14568,0
0.022810815,14569,0
0.023834934,14571,0
0.022560142,14572,0
0.024273427,14573,0
0.017815659,14574,0
0.020742614,14575,0
0.022803264,14576,0
0.019241653,14577,0
0.023531027,14578,0
0.02428574,14579,0
0.024578191,14580,0
0.019813335,14581,0
0.021002509,14582,0
0.018243203,14583,0
0.021345207,14585,0
0.022099374,14586,0
0.026429022,14587,0
0.021578018,14588,0
0.021692652,14589,0
0.02216522,14590,0
0.021889796,14591,0
0.021364607,14593,0
0.025117889,14594,0
0.023574393,14595,0
0.023097202,14596,0
0.0225918,14597,0
0.022448894,14598,0
0.024695834,14599,0
0.02643431,14601,0
0.034058224,14602,1
0.024371177,14603,0
0.024281865,14604,0
0.02907912,14606,0
0.026540484,14608,0
0.027094323,14609,0
0.029884337,14610,0
0.02308056,14611,0
0.027954394,14612,0
0.024047146,14613,0
0.02402293,14614,0
0.024497567,14615,0
0.026927236,14616,0
0.029462598,14618,0
0.0282783,14619,0
0.027141511,14620,0
0.027615773,14621,0
0.026898554,14623,0
0.028870277,14624,0
0.028159712,14625,0
0.026801176,14626,0
0.025360947,14627,0
0.02541217,14628,0
0.028234232,14629,0
0.025418425,14630,0
0.028944362,14631,0
0.023238737,14632,0
0.025534924,14633,0
0.028279396,14634,0
0.026304675,14635,0
0.019981397,14637,0
0.020547263,14638,0
0.02209314,14639,0
0.020356525,14641,0
0.020746194,14642,0
0.021577735,14643,0
0.020396827,14644,0
0.020064563,14645,0
0.020757336,14646,0
0.020251144,14647,0
0.021431414,14648,1
0.02061586,14649,0
0.019789927,14650,0
0.02016475,14651,0
0.02059973,14652,0
0.020036995,14655,0
0.021354558,14656,0
0.021110406,14657,0
0.02230137,14658,0
0.02085408,14659,0
0.021435115,14660,0
0.020839436,14661,0
0.02070896,14664,0
0.020906113,14665,0
0.021264497,14666,0
0.020486217,14667,0
0.020284407,14668,0
0.020194639,14669,0
0.020273045,14670,0
0.020201892,14671,0
0.020493044,14672,0
0.020655358,14673,0
0.023308566,14674,0
0.020246115,14675,0
0.01881699,14676,0
0.016341615,14678,0
0.019609721,14679,0
0.019314216,14680,0
0.020635525,14681,0
0.019284073,14683,0
0.020698834,14684,0
0.017925527,14685,0
0.01960474,14687,0
0.020694816,14688,0
0.021708595,14689,0
0.018348794,14690,0
0.016981974,14691,0
0.018525403,14692,0
0.020741457,14693,0
0.020834876,14694,0
0.019584302,14695,0
0.020098241,14696,1
0.020409169,14697,0
0.020330125,14698,0
0.020670058,14700,0
0.022292597,14701,0
0.021952424,14702,0
0.021075213,14704,0
0.023288226,14705,0
0.024173573,14707,1
0.024841147,14708,1
0.025360331,14709,1
0.022826402,14710,0
0.026593193,14711,0
0.022019574,14712,0
0.023955418,14713,0
0.022080805,14714,0
0.023037795,14715,0
0.021995548,14717,0
0.026642716,14718,0
0.02179565,14719,0
0.022567466,14720,0
0.022713274,14724,0
0.02527057,14725,0
0.021969838,14726,0
0.025558734,14727,0
0.030407578,14728,0
0.025575534,14729,0
0.027758367,14730,0
0.023472214,14731,0
0.025188565,14732,0
0.027333796,14733,0
0.02065311,14734,0
0.023842791,14736,0
0.020198002,14737,0
0.0285415,14738,0
0.021597255,14740,0
0.027190357,14741,0
0.017872352,14743,0
0.020944007,14745,0
0.022200407,14747,0
0.02100235,14748,0
0.022524958,14749,0
0.02055169,14750,0
0.023316046,14751,0
0.02578945,14752,0
0.027005754,14753,0
0.02274135,14754,0
0.022147104,14755,0
0.02661542,14756,0
0.026732173,14759,0
0.026146626,14760,0
0.020882193,14761,0
0.024063567,14762,0
0.021826882,14763,0
0.020389078,14767,0
0.02123218,14768,0
0.026277065,14769,0
0.024496,14770,0
0.024064103,14773,0
0.026354546,14774,0
0.022465223,14776,0
0.022938507,14777,0
0.024408557,14778,0
0.019648448,14780,0
0.02131237,14781,0
0.019924559,14782,0
0.024665492,14783,0
0.019154603,14784,0
0.019917777,14785,0
0.01699631,14787,0
0.015460766,14788,0
0.0164392,14789,0
0.014947381,14790,0
0.015848715,14793,0
0.016406596,14794,0
0.01739092,14797,0
0.017494937,14799,0
0.0183609,14800,0
0.017652003,14801,0
0.018403767,14802,0
0.017627833,14803,0
0.0180921,14804,0
0.018440662,14805,0
0.017413154,14806,0
0.019291917,14807,1
0.018539896,14808,0
0.018499393,14809,0
0.018756587,14810,0
0.018925387,14811,0
0.01872557,14813,0
0.019033544,14814,0
0.018579388,14815,0
0.019075522,14816,0
0.0190343,14817,1
0.01870205,14819,1
0.018452344,14821,0
0.019162744,14822,0
0.01871575,14823,0
0.01969565,14824,1
0.023118015,14825,0
0.015055796,14827,0
0.013986657,14828,0
0.01695792,14829,0
0.014491459,14830,0
0.013804275,14831,0
0.01240242,14833,0
0.014175683,14834,0
0.013593218,14836,0
0.015379509,14837,0
0.014814422,14838,0
0.014273176,14839,0
0.013434787,14840,0
0.015545786,14841,0
0.013536045,14842,0
0.021213282,14843,0
0.014381227,14844,0
0.018240264,14847,0
0.017043216,14848,0
0.018332303,14849,0
0.017334323,14850,0
0.017061999,14851,0
0.018890271,14852,0
0.01976832,14853,0
0.022161866,14855,0
0.01799211,14856,0
0.018030502,14858,0
0.01578657,14861,0
0.018105345,14862,0
0.019893074,14863,0
0.019409472,14864,0
0.017740918,14865,0
0.021481141,14866,0
0.020876596,14867,0
0.021784713,14868,0
0.021644047,14869,0
0.02137079,14870,0
0.02168336,14871,0
0.021759465,14872,0
0.022254342,14873,0
0.022104645,14874,0
0.023937201,14875,0
0.023435833,14876,0
0.022537246,14877,0
0.023105683,14878,0
0.022986857,14879,0
0.020364523,14880,0
0.02271922,14881,0
0.01718522,14885,0
0.018168887,14886,0
0.0176894,14887,0
0.019781668,14888,0
0.020787472,14890,0
0.020642586,14891,0
0.021844435,14892,0
0.023717847,14894,0
0.020936487,14895,0
0.02628897,14896,0
0.023177467,14897,0
0.025405422,14898,0
0.024965204,14899,0
0.025299868,14900,0
0.024385454,14901,0
0.022674946,14902,0
0.024945514,14903,0
0.022691067,14905,0
0.023223082,14907,0
0.022466414,14908,0
0.023513848,14911,0
0.027227765,14912,0
0.026251212,14913,0
0.022983437,14914,0
0.022210708,14915,0
0.02372248,14916,0
0.018723888,14917,0
0.023830885,14918,0
0.024148092,14919,0
0.026115643,14920,0
0.027161337,14921,0
0.022251867,14923,0
0.023242818,14924,0
0.02189004,14925,0
0.021534605,14926,0
0.026858795,14928,0
0.018544259,14929,0
0.01931387,14930,0
0.021258138,14931,0
0.022992196,14933,0
0.021989867,14934,0
0.023374444,14935,0
0.019824343,14936,0
0.02234184,14939,0
0.022025295,14940,0
0.019115098,14941,0
0.018016096,14943,0
0.01842033,14946,0
0.02034099,14947,0
0.019212866,14948,0
0.019855276,14949,0
0.017013988,14951,0
0.016520746,14952,0
0.01942648,14953,0
0.015479315,14954,0
0.01603922,14955,0
0.015941113,14956,0
0.017285937,14958,0
0.018272484,14959,0
0.022351751,14960,0
0.017969972,14961,0
0.021251205,14962,0
0.018349817,14963,0
0.020524679,14965,0
0.01857793,14966,0
0.016824419,14967,0
0.018389188,14968,0
0.017681679,14969,0
0.0176097,14970,0
0.017791111,14971,0
0.020294258,14973,0
0.018759228,14974,0
0.017442804,14975,0
0.019384652,14978,0
0.019859452,14979,0
0.017936898,14980,0
0.018930001,14981,0
0.01853168,14982,0
0.0163506,14983,0
0.01785249,14984,0
0.017993418,14985,0
0.019574687,15130,0
0.018044472,15132,0
0.017516121,15133,0
0.017901393,15134,0
0.01800052,15135,0
0.016126122,15136,0
0.020744469,15137,0
0.018878682,15140,0
0.02040641,15141,0
0.019480847,15142,0
0.017088288,15144,0
0.017297931,15145,0
0.016807642,15146,0
0.016310226,15148,0
0.020116057,15149,0
0.017973976,15150,0
0.016982691,15151,0
0.0174209,15152,0
0.015305902,15153,0
0.018571444,15154,0
0.017776351,15156,0
0.015481842,15157,0
0.016332978,15158,0
0.018796675,15159,0
0.014692902,15160,0
0.016692717,15161,0
0.017981444,15162,0
0.01758316,15164,0
0.018332053,15165,0
0.019002065,15166,0
0.01779903,15169,0
0.018840907,15170,0
0.017280059,15171,0
0.017557338,15173,0
0.018941598,15175,0
0.019159185,15176,0
0.019792803,15177,0
0.021717185,15179,0
0.020976096,15182,0
0.023331968,15183,0
0.023812417,15184,0
0.018901702,15185,0
0.019404534,15186,0
0.018270567,15187,0
0.018518051,15188,0
0.019059975,15190,0
0.016907468,15192,0
0.023501955,15194,0
0.016983885,15195,0
0.017077912,15197,0
0.018024955,15198,0
0.015468803,15201,0
0.019083653,15202,0
0.015922904,15203,0
0.015654484,15206,0
0.015216213,15208,0
0.015264733,15209,0
0.01565156,15210,0
0.014968556,15211,0
0.021102993,15212,0
0.015169333,15213,0
0.0145705575,15214,0
0.015733063,15215,0
0.016796686,15216,0
0.014872058,15217,0
0.014128351,15218,0
0.016827108,15219,0
0.017161172,15220,0
0.015835654,15221,0
0.016420115,15222,0
0.016478157,15223,0
0.017334558,15225,0
0.01417869,15226,0
0.014150323,15227,0
0.017687883,15228,0
0.01370265,15229,0
0.012576816,15230,0
0.015666097,15234,0
0.014881429,15235,0
0.016546037,15236,0
0.015806394,15237,0
0.016724523,15238,0
0.016259536,15239,0
0.021101097,15240,0
0.021341238,15242,0
0.024133528,15243,0
0.032788325,15244,1
0.021915825,15245,0
0.019957848,15247,0
0.0198504,15248,0
0.019788397,15249,0
0.018790323,15250,0
0.019741746,15251,0
0.017974904,15252,0
0.021096803,15253,0
0.01879941,15254,0
0.020512776,15255,0
0.018583233,15258,0
0.019299204,15259,0
0.018763818,15260,0
0.018909406,15261,0
0.018820802,15262,0
0.01684677,15263,0
0.01990964,15264,0
0.017038872,15265,0
0.019183517,15266,0
0.02167103,15267,0
0.015948657,15268,0
0.016814277,15269,0
0.01748744,15270,0
0.019071972,15271,0
0.015897691,15272,0
0.02183651,15849,0
0.024036935,15850,0
0.025526773,15851,0
0.024411624,15852,0
0.024641385,15855,0
0.022404052,15856,0
0.022683445,15857,0
0.021782976,15858,0
0.022803385,15859,0
0.020408835,15860,0
0.021430299,15862,0
0.022904739,15863,0
0.02109826,15864,0
0.02024445,15865,0
0.020702787,15866,0
0.021964122,15867,0
0.020278063,15868,0
0.020029686,15870,0
0.01854643,15871,0
0.0214331,15872,0
0.020021575,15873,0
0.02190255,15874,0
0.020719575,15875,0
0.020698383,15876,0
0.019975148,15878,0
0.018364381,15879,0
0.023379838,15880,0
0.019193733,15881,0
0.022953507,15883,0
0.02047212,15884,0
0.019321417,15885,1
0.025015544,15886,0
0.026236441,15887,0
0.022896336,15888,0
0.022322033,15890,0
0.024515186,15891,0
0.025366165,15892,0
0.026729818,15893,0
0.021308556,15894,0
0.025604613,15895,0
0.02373484,15897,0
0.027052116,15898,0
0.027553648,15899,0
0.021459423,15900,0
0.023165198,15901,0
0.026126672,15902,0
0.020202206,15903,0
0.023638094,15904,0
0.02776346,15905,0
0.023455793,15906,0
0.026118495,15907,0
0.0213569,15908,0
0.028617859,15909,0
0.024459159,15910,0
0.021187523,15912,1
0.024879847,15913,0
0.027313173,15914,0
0.023798538,15916,0
0.029073808,15917,0
0.023436861,15919,0
0.021688128,15921,0
0.021412777,15922,0
0.025964346,15923,0
0.020958742,15924,0
0.02495726,15925,0
0.026221152,15926,0
0.021773214,15928,0
0.02458738,15929,0
0.020105299,15930,0
0.020391159,15932,0
0.033663735,15933,1
0.024054846,15935,0
0.024448525,15936,0
0.024492223,15937,0
0.024466734,15938,0
0.026375415,15939,0
0.028896568,15940,0
0.024415685,15941,0
0.02373087,15942,0
0.026630485,15943,0
0.023798581,15944,0
0.027282543,15946,0
0.023327058,15947,0
0.026023809,15948,0
0.018245054,15950,0
0.018435804,15951,0
0.01987382,15952,0
0.016846534,15954,0
0.01867729,15955,0
0.018380506,15956,0
0.018439662,15957,0
0.018503584,15958,0
0.018065942,15959,0
0.017617367,15960,0
0.017790694,15961,0
0.017061975,15963,0
0.01757997,15964,0
0.01629741,15967,0
0.022856766,15971,1
0.01804186,15972,0
0.022344938,15975,0
0.022869525,15976,0
0.018465078,15977,0
0.022224117,15978,0
0.025626251,15979,0
0.022296427,15980,0
0.021497635,15981,0
0.02052696,15982,0
0.021142231,15983,0
0.018308368,15984,0
0.027054332,15985,0
0.022301184,15986,0
0.020294314,15987,0
0.018809147,15988,0
0.019540144,16133,0
0.020170575,16135,0
0.019627297,16140,0
0.01918854,16142,0
0.018631717,16143,0
0.018735966,16144,0
0.019381678,16146,0
0.019658003,16147,0
0.019388912,16148,0
0.019659488,16149,0
0.01737924,16150,0
0.019302547,16151,0
0.019730546,16152,0
0.019178277,16154,0
0.019237496,16155,0
0.018699985,16156,0
0.019721257,16157,0
0.019699464,16159,0
0.019367792,16160,0
0.019434832,16161,0
0.01865494,16162,0
0.018672293,16163,0
0.020007854,16164,0
0.019167306,16166,0
0.01960278,16168,0
0.019004716,16169,0
0.019085864,16170,0
0.018310681,16171,0
0.020213474,16172,0
0.020129351,16173,0
0.018991131,16175,0
0.019822355,16176,0
0.020538606,16177,0
0.018608835,16179,0
0.02067265,16180,0
0.020095859,16181,0
0.019587517,16182,0
0.019600373,16183,0
0.019373313,16184,0
0.019809667,16187,0
0.019172598,16189,0
0.020123508,16190,0
0.020387873,16191,0
0.020166518,16193,0
0.019820502,16194,0
0.018355116,16195,0
0.017901318,16196,0
0.018495793,16199,0
0.01899664,16200,0
0.018514585,16202,0
0.018895317,16203,0
0.018526599,16204,0
0.018255273,16205,0
0.019637706,16206,0
0.018206488,16207,0
0.019038614,16208,0
0.018856673,16209,0
0.018072424,16210,0
0.019920537,16211,0
0.020193059,16212,0
0.017941477,16213,0
0.019424215,16214,0
0.018994538,16215,0
0.017148638,16216,0
0.018657569,16218,0
0.019638587,16219,0
0.018883988,16220,0
0.018595899,16222,0
0.018207692,16224,0
0.01861987,16225,0
0.018638413,16226,0
0.018733667,16227,0
0.017619792,16228,0
0.01810554,16229,0
0.019175999,16230,0
0.017160375,16232,0
0.019035583,16233,0
0.01820562,16234,0
0.019262988,16235,0
0.01963979,16237,0
0.020231534,16239,0
0.019157948,16240,1
0.019376641,16241,0
0.017901955,16243,0
0.02012915,16244,0
0.018385049,16246,0
0.019320302,16247,0
0.018885784,16248,0
0.018751012,16249,0
0.020175168,16250,0
0.019196589,16251,0
0.019476516,16252,0
0.019004863,16254,0
0.018467663,16255,0
0.019927481,16256,0
0.018824484,16257,0
0.018803058,16258,0
0.01839523,16261,0
0.019051246,16262,0
0.019509267,16263,0
0.018977597,16264,0
0.01908127,16266,0
0.018795213,16267,0
0.019991817,16268,0
0.022365917,16269,0
0.021093125,16270,0
0.021224216,16271,0
0.020430362,16272,0
0.020255854,16273,0
0.021444,16274,0
0.021649802,16275,1
0.020808933,16276,0
0.016187586,16419,0
0.01693047,16421,0
0.016120896,16422,0
0.017088281,16423,0
0.017479625,16424,0
0.018150471,16425,0
0.024344174,16426,0
0.023565965,16427,0
0.026515188,16428,0
0.026322702,16429,0
0.027129207,16430,0
0.029362628,16432,0
0.02637793,16433,0
0.020998405,16434,0
0.017821016,16438,0
0.01987752,16439,0
0.018928425,16440,0
0.01782084,16441,0
0.02008407,16442,0
0.017217867,16443,0
0.01718592,16445,0
0.015433099,16446,0
0.01843211,16449,0
0.01864466,16450,0
0.014771065,16452,0
0.019029904,16453,0
0.01652531,16454,0
0.016377132,16455,0
0.017173883,16456,0
0.02113688,16457,1
0.019118344,16458,0
0.018258207,16459,0
0.019061917,16460,0
0.022710383,16461,0
0.01434785,16462,0
0.020847308,16463,0
0.019836359,16465,0
0.022339351,16466,0
0.022092938,16467,0
0.021730633,16468,0
0.024883296,16469,0
0.024075873,16470,0
0.025767375,16471,0
0.026838906,16472,0
0.019024087,16473,0
0.019592052,16474,0
0.02377061,16475,0
0.021460835,16476,0
0.026034998,16477,0
0.022135345,16478,0
0.023580883,16479,0
0.018826844,16480,0
0.022628626,16481,0
0.020242492,16482,0
0.023626199,16484,0
0.019179067,16485,0
0.018305369,16486,0
0.022485193,16487,0
0.01852202,16489,0
0.023201337,16491,0
0.02136422,16492,0
0.020671017,16493,0
0.02218362,16494,0
0.021855187,16495,0
0.021308238,16496,0
0.020549348,16497,0
0.021011192,16498,0
0.021974873,16499,0
0.01619592,16500,0
0.02156481,16501,0
0.023568975,16502,0
0.020598399,16504,0
0.02659141,16505,0
0.023901092,16506,0
0.021065973,16507,0
0.030417904,16508,0
0.021400778,16510,0
0.02694203,16511,0
0.021060342,16512,0
0.023656806,16514,0
0.02414908,16515,0
0.018729268,16516,0
0.02184432,16517,0
0.024362164,16518,0
0.019806268,16519,0
0.02104713,16520,0
0.020063026,16521,0
0.020839717,16522,0
0.023977503,16523,0
0.020718377,16524,0
0.022583453,16525,0
0.024829758,16526,0
0.021629935,16527,0
0.023385074,16529,0
0.020529805,16530,0
0.017339164,16531,0
0.018858705,16534,0
0.01975296,16535,0
0.02253927,16536,0
0.020921625,16537,0
0.01913962,16538,0
0.021806205,16539,0
0.022934943,16540,0
0.021338275,16541,0
0.018927185,16542,0
0.021749385,16543,0
0.020422615,16544,0
0.021572748,16545,0
0.020432433,16546,0
0.023041677,16547,0
0.021303356,16548,0
0.019819919,16549,0
0.026483307,16550,0
0.023334078,16551,0
0.017882448,16552,0
0.01961028,16553,0
0.023285335,16554,0
0.025127927,16556,0
0.02132616,16557,0
0.020526715,16558,0
0.038107377,16560,1
0.017166369,17134,0
0.018362198,17135,0
0.017673166,17136,0
0.017044367,17137,0
0.017020624,17138,0
0.017521719,17139,0
0.019565484,17140,1
0.02246301,17141,0
0.018521484,17142,0
0.01845572,17143,0
0.017197756,17144,0
0.018450115,17145,0
0.020119587,17146,0
0.023507357,17147,0
0.02126698,17148,0
0.019048093,17150,0
0.019984731,17151,0
0.019999558,17152,0
0.023230502,17153,0
0.020245811,17154,0
0.020297524,17155,0
0.025626913,17156,0
0.022166666,17157,0
0.024254888,17158,0
0.023167063,17159,0
0.021665867,17160,0
0.026273087,17163,0
0.021539997,17164,0
0.021433406,17165,0
0.024698375,17166,0
0.020487886,17167,0
0.021432035,17168,0
0.026210463,17169,0
0.023914658,17170,0
0.028810453,17171,0
0.023409456,17172,0
0.028004581,17173,0
0.024081362,17174,0
0.025469154,17175,0
0.023393545,17176,0
0.024825811,17178,0
0.022039082,17179,0
0.026952336,17180,0
0.02623185,17183,0
0.025084661,17184,0
0.024622506,17186,0
0.025941031,17188,0
0.026319824,17189,0
0.030339506,17190,0
0.02466423,17192,0
0.02447357,17193,0
0.023811745,17194,0
0.026536554,17196,0
0.023987778,17197,0
0.030981235,17198,0
0.029161688,17199,0
0.02177022,17200,0
0.023885367,17201,0
0.02096681,17202,0
0.02314698,17203,0
0.020195177,17205,0
0.02282153,17206,0
0.028120682,17207,0
0.02369379,17208,0
0.024753954,17209,0
0.028314546,17210,0
0.026788557,17211,0
0.027050998,17213,0
0.025685934,17216,0
0.020723859,17218,0
0.021025095,17220,0
0.025701419,17221,0
0.028102359,17222,0
0.025866186,17223,0
0.024575928,17225,0
0.025585426,17226,0
0.035709385,17228,0
0.026024468,17229,0
0.031578887,17230,0
0.036621332,17232,0
0.035410836,17233,0
0.026185716,17234,0
0.020124443,17236,0
0.019645942,17237,0
0.02084359,17239,0
0.019703243,17240,0
0.019997245,17241,0
0.020329935,17242,0
0.020248355,17243,0
0.020381259,17244,0
0.020406952,17245,0
0.019392312,17246,0
0.02071042,17247,0
0.020240625,17248,0
0.019820185,17250,0
0.02082324,17251,0
0.020908767,17252,0
0.019988744,17254,0
0.019164989,17255,0
0.020427719,17256,0
0.019769661,17257,0
0.020175392,17260,0
0.019663826,17261,0
0.019479536,17262,0
0.01980686,17263,0
0.019558465,17265,0
0.020502962,17267,0
0.019797929,17268,0
0.02156905,17269,0
0.02425827,17270,0
0.022673314,17271,0
0.022688117,17272,0
0.020490315,17273,0
0.020473491,17274,0
0.021483734,17275,0
0.02122387,17276,0
0.020363688,17277,0
0.020686625,18138,0
0.023381956,18139,0
0.019122543,18140,0
0.022316318,18141,0
0.01946055,18142,0
0.020672627,18143,0
0.016376903,18145,0
0.01712903,18148,0
0.018368576,18149,0
0.018687353,18150,0
0.018609079,18152,0
0.013961289,18153,0
0.01655309,18154,0
0.015517949,18157,0
0.017308764,18158,0
0.022165963,18159,0
0.020614885,18160,0
0.018832784,18161,0
0.019332502,18162,0
0.017648738,18164,0
0.025125457,18166,0
0.020654451,18167,0
0.021393592,18168,0
0.023617683,18170,0
0.025843436,18171,0
0.01991918,18172,0
0.025688065,18173,0
0.025208535,18174,0
0.023434667,18175,0
0.023899952,18177,0
0.025623009,18178,0
0.024390312,18179,0
0.023543498,18180,0
0.019832179,18182,0
0.019112095,18183,0
0.021502009,18184,0
0.026513886,18185,0
0.01791846,18189,0
0.019414404,18190,0
0.018101752,18191,0
0.023542177,18192,0
0.02565249,18193,0
0.021245109,18194,0
0.02069646,18196,0
0.023676643,18199,0
0.020840585,18201,0
0.019806843,18202,0
0.019551968,18203,0
0.020862965,18204,0
0.019853156,18205,0
0.020574175,18206,0
0.020933136,18207,0
0.0210474,18208,0
0.021284724,18209,0
0.020218542,18210,0
0.021187793,18211,0
0.02066532,18212,0
0.020397423,18213,0
0.021207886,18214,0
0.02104914,18215,0
0.020424794,18216,0
0.020467933,18219,0
0.02191371,18220,1
0.020027751,18221,0
0.019989556,18222,0
0.019512387,18223,0
0.020546857,18224,0
0.020668674,18225,0
0.01895608,18226,0
0.01795108,18229,0
0.024788914,18230,0
0.023570897,18231,0
0.024563584,18233,0
0.024082387,18234,0
0.024573836,18235,0
0.024277063,18236,0
0.022662153,18238,0
0.021795658,18239,0
0.021916004,18241,0
0.021602232,18242,0
0.021515066,18243,0
0.022392388,18244,0
0.02177878,18245,0
0.021831159,18246,0
0.023962772,18247,0
0.023993105,18248,0
0.022540845,18250,0
0.022727726,18251,0
0.023777725,18252,0
0.023098575,18253,0
0.022721935,18256,0
0.02225474,18257,0
0.021996282,18258,0
0.022077983,18259,0
0.022134488,18260,0
0.022727044,18261,0
0.021371573,18262,0
0.021294605,18263,0
0.021639226,18266,0
0.02375696,18269,1
0.022635,18270,0
0.022220846,18271,0
0.021831667,18272,0
0.021707183,18274,0
0.021760192,18276,0
0.021967582,18278,0
0.021910407,18280,0
0.02131637,18281,0
0.021796426,18282,0
0.022084832,18283,0
0.02226185,18287,0
0.021556472,18288,0
0.022455107,18289,0
0.021912063,18290,0
0.021685842,18291,0
0.022265796,18294,0
0.02246201,18295,0
0.021913882,18296,0
0.022823675,18297,0
0.0220741,18298,0
0.02099593,18299,0
0.022046577,18300,0
0.021104107,18301,0
0.02071221,18302,0
0.021767292,18303,0
0.021148529,18304,0
0.021207105,18305,0
0.020631209,18306,0
0.021903306,18307,0
0.020354157,18308,0
0.020484429,18309,0
0.019819636,18310,0
0.019719746,18312,0
0.020136224,18313,0
0.02020267,18314,0
0.020302707,18315,0
0.020300118,18316,0
0.02153438,18317,0
0.020408712,18318,0
0.020141983,18319,0
0.020486435,18320,0
0.022149371,18323,0
0.024325183,18324,0
0.022372143,18325,0
0.022179868,18326,0
0.02342631,18327,0
0.02350531,18328,0
0.023632187,18329,0
0.017056314,18330,0
0.016764704,18331,0
0.015284054,18332,0
0.016229004,18333,0
0.015488692,18334,0
0.022704024,18335,0
0.018416012,18336,0
0.019840758,18337,0
0.017966824,18339,0
0.017681032,18340,0
0.018231258,18341,0
0.017465562,18343,0
0.01856955,18345,0
0.01996436,18346,0
0.020566808,18348,0
0.022024272,18350,0
0.019236423,18351,0
0.019296693,18352,0
0.020839687,18353,0
0.01818201,18354,0
0.022439603,18355,0
0.018698778,18356,0
0.017772613,18357,0
0.019250462,18358,0
0.020486092,18360,0
0.021303978,18362,0
0.019159172,18363,0
0.019839326,18364,0
0.020389706,18365,0
0.020044612,18366,0
0.021509245,18367,0
0.022020442,18368,0
0.024323959,18369,0
0.024345646,18370,0
0.026072845,18371,0
0.02648081,18372,0
0.024525234,18374,0
0.026286863,18376,0
0.02525203,18377,0
0.024914147,18378,0
0.024785599,18379,0
0.03140543,18381,0
0.027359733,18382,0
0.028750366,18383,0
0.02733219,18384,0
0.0324467,18385,0
0.026806634,18386,0
0.03269901,18387,0
0.033038195,18388,0
0.031828176,18389,0
0.029346814,18390,0
0.028312547,18391,0
0.028291618,18393,0
0.026083812,18395,0
0.023430657,18396,0
0.025808237,18397,0
0.02761722,18398,0
0.022457635,18399,0
0.023031745,18400,0
0.023251973,18402,0
0.024608035,18403,0
0.025040401,18404,0
0.020388063,18405,0
0.023033315,18407,0
0.022667244,18409,0
0.020943146,18410,0
0.02297957,18411,0
0.023930902,18412,0
0.02112996,18413,0
0.02489456,18414,0
0.024267929,18415,0
0.019981317,18416,0
0.0222012,18417,0
0.02040142,18418,0
0.025009522,18419,1
0.023712443,18420,0
0.02303199,18421,0
0.023804765,18423,0
0.018225234,18569,0
0.021205869,18570,0
0.024156487,18571,0
0.020740848,18572,0
0.019252714,18574,0
0.019939538,18575,0
0.020395935,18577,0
0.017955925,18579,0
0.021877423,18580,0
0.02032372,18581,0
0.01858351,18584,0
0.016266393,18585,0
0.023285368,18586,0
0.01823561,18588,0
0.019672183,18589,0
0.016780611,18590,0
0.016653676,18591,0
0.018585024,18592,0
0.017340098,18593,0
0.017590366,18594,0
0.01831448,18595,0
0.017208995,18597,0
0.020035032,18598,0
0.019566322,18599,1
0.019298771,18600,0
0.016302608,18601,0
0.017684618,18604,0
0.017985579,18606,0
0.018671751,18607,0
0.019845746,18608,0
0.022091186,18609,0
0.02417734,18610,0
0.020832285,18612,0
0.023410005,18613,0
0.019982751,18614,0
0.01775663,18615,0
0.019784285,18616,0
0.018671254,18618,0
0.022676924,18619,0
0.019384755,18620,0
0.020944256,18621,0
0.020763997,18623,0
0.021907944,18624,0
0.019229228,18625,0
0.019288858,18626,0
0.020286083,18628,0
0.019430378,18629,0
0.018745173,18630,0
0.02268231,18631,0
0.028743323,18632,0
0.026951442,18633,0
0.027528636,18634,0
0.028133055,18635,0
0.025994496,18636,0
0.02884243,18637,0
0.02693381,18638,0
0.026590122,18639,0
0.0248907,18640,0
0.03226511,18643,0
0.030932102,18644,0
0.027352685,18645,0
0.029858675,18646,0
0.029353613,18648,0
0.03190491,18649,0
0.02997423,18650,0
0.025711639,18651,1
0.027092393,18652,1
0.02619357,18653,1
0.02839544,18654,1
0.022007266,18655,0
0.022218786,18656,0
0.020560434,18657,0
0.022744339,18658,0
0.021751981,18659,0
0.023480315,18660,0
0.024380764,18661,0
0.022020036,18663,0
0.024724012,18664,0
0.022333972,18665,0
0.026498234,18666,0
0.023427192,18667,0
0.025653835,18668,0
0.026858233,18669,0
0.02695635,18670,0
0.032936193,18672,0
0.03345531,18673,0
0.02916781,18674,0
0.024875116,18675,0
0.026657883,18679,1
0.026860535,18680,1
0.028778927,18681,0
0.028062195,18682,0
0.023423353,18683,0
0.021967564,18684,0
0.026994877,18685,0
0.025938636,18686,0
0.025991878,18687,0
0.04175465,18689,0
0.039991118,18690,0
0.030395139,18691,0
0.024984973,18693,0
0.021115357,18695,0
0.028173752,18696,0
0.02495021,18697,0
0.02284979,18698,0
0.033334956,18701,0
0.028689215,18704,0
0.024875555,18705,0
0.023701264,18706,0
0.023389472,18707,0
0.026877219,18709,0
