block_id,anomalous
144,0
145,0
146,0
147,0
148,0
149,0
150,0
151,0
153,0
154,0
155,0
157,0
160,0
162,0
163,0
164,0
165,0
166,0
168,0
169,0
171,0
172,0
175,0
176,0
178,0
179,0
180,0
182,0
183,0
184,0
185,0
186,0
187,0
189,0
190,0
192,0
193,0
194,0
195,0
196,0
197,1
198,0
199,0
200,0
201,0
202,0
203,0
204,0
205,0
206,0
208,0
210,0
211,0
212,0
214,1
216,0
217,0
218,0
219,0
220,0
221,0
222,0
225,0
226,0
227,0
229,0
230,0
231,0
233,0
235,0
236,0
238,0
239,0
240,0
241,0
242,0
243,0
247,0
248,0
249,0
252,0
255,0
256,0
257,0
258,0
259,0
260,0
261,0
262,0
263,0
264,0
266,0
267,0
268,0
269,0
270,1
271,0
272,0
273,0
274,0
275,0
277,0
278,0
280,0
281,0
282,0
283,0
571,0
572,0
574,0
576,0
577,0
578,0
579,1
581,0
583,0
584,0
585,0
586,0
589,0
590,0
591,0
592,0
593,0
594,0
595,0
596,0
597,0
600,0
601,0
602,0
603,0
604,0
605,0
606,1
607,0
609,0
611,0
613,0
615,0
617,0
618,1
619,0
620,0
621,0
622,0
623,0
624,0
625,0
626,0
627,0
628,0
629,0
631,0
632,0
633,0
635,0
636,0
637,0
638,0
640,0
642,0
643,0
644,0
645,0
646,0
647,1
648,0
649,0
650,0
651,0
653,0
654,0
655,0
656,0
657,0
660,0
662,0
663,0
665,0
666,0
667,0
668,0
669,0
672,0
673,0
674,0
675,0
677,1
680,0
681,0
684,0
686,0
687,0
688,0
689,0
691,0
692,0
693,0
695,0
696,0
697,0
698,0
699,0
700,0
701,0
702,0
704,0
705,0
706,0
707,0
708,0
709,0
711,0
712,0
1143,0
1144,0
1145,0
1146,0
1149,0
1150,0
1152,0
1155,0
1156,0
1159,0
1160,0
1161,0
1162,0
1163,0
1164,0
1165,0
1166,0
1167,0
1168,0
1170,0
1171,0
1172,0
1173,0
1174,0
1175,0
1177,0
1178,0
1179,0
1181,0
1182,0
1183,0
1184,0
1187,0
1188,0
1189,0
1190,0
1191,0
1192,0
1193,0
1195,0
1196,0
1198,0
1199,0
1201,0
1202,0
1203,0
1204,0
1205,0
1206,0
1208,0
1209,0
1210,0
1213,0
1214,0
1216,0
1217,0
1218,0
1219,0
1220,0
1221,0
1222,0
1223,0
1224,0
1225,0
1226,0
1227,0
1229,0
1230,0
1231,0
1233,0
1235,0
1236,0
1237,0
1238,0
1239,0
1240,0
1243,0
1244,0
1245,0
1246,0
1247,0
1248,0
1249,0
1250,0
1251,0
1252,0
1253,0
1255,0
1256,0
1257,0
1258,0
1259,0
1260,0
1261,0
1263,0
1264,0
1265,0
1266,0
1267,0
1268,0
1270,0
1272,0
1273,0
1274,0
1276,0
1278,0
1280,0
1281,0
1282,0
1284,0
1285,0
1288,0
1289,0
1291,0
1292,0
1293,1
1294,0
1295,0
1296,0
1297,0
1301,0
1302,0
1303,0
1305,0
1307,0
1309,0
1310,0
1311,0
1312,0
1315,1
1316,1
1317,0
1319,1
1320,1
1321,1
1322,1
1323,0
1324,0
1325,0
1327,0
1328,0
1330,0
1331,0
1335,0
1336,0
1337,0
1338,0
1341,0
1342,0
1343,0
1344,0
1345,0
1348,0
1349,0
1350,0
1351,0
1353,0
1354,0
1355,0
1356,0
1357,0
1359,0
1360,0
1361,0
1363,0
1364,0
1365,0
1368,0
1369,0
1370,0
1371,0
1372,0
1373,0
1374,0
1375,0
1376,0
1377,0
1378,0
1379,0
1380,0
1381,0
1382,0
1383,0
1384,0
1385,0
1386,0
1387,0
1388,0
1389,0
1390,0
1392,0
1393,0
1394,0
1396,0
1397,0
1398,0
1400,0
1401,0
1402,0
1403,0
1404,0
1406,0
1698,0
1699,0
1700,0
1702,0
1703,0
1704,0
1706,0
1708,0
1709,0
1710,0
1711,0
1712,0
1714,0
1715,0
1717,0
1718,0
1719,0
1720,0
1721,0
1722,0
1723,0
1724,0
1725,0
1726,0
1727,0
1730,0
1731,0
1732,0
1733,0
1734,0
1735,0
1737,0
1739,0
1740,0
1742,0
2012,0
2013,0
2014,0
2015,0
2016,0
2017,0
2018,0
2021,0
2022,0
2023,0
2024,0
2025,0
2027,0
2029,0
2030,0
2031,0
2033,0
2035,1
2036,0
2037,0
2038,0
2039,0
2040,0
2041,0
2042,0
2044,0
2048,0
2049,0
2050,0
2051,0
2052,0
2053,0
2054,0
2055,0
2056,0
2057,0
2058,0
2059,0
2060,0
2061,0
2062,0
2064,0
2065,0
2066,0
2067,0
2068,0
2069,0
2070,0
2071,0
2072,0
2073,0
2077,0
2078,0
2079,0
2080,0
2081,0
2082,0
2083,0
2084,0
2085,0
2086,0
2087,0
2088,0
2089,0
2090,0
2091,0
2092,0
2093,0
2094,0
2095,0
2096,0
2098,0
2099,0
2100,0
2101,0
2103,0
2105,0
2106,0
2107,0
2108,0
2109,0
2110,0
2111,0
2113,0
2115,0
2116,0
2118,0
2119,0
2120,0
2121,0
2122,0
2123,0
2124,0
2125,0
2127,0
2128,0
2129,0
2130,0
2131,0
2134,0
2135,0
2136,0
2137,0
2138,0
2139,0
2140,0
2141,0
2143,0
2144,0
2146,0
2147,0
2148,0
2149,0
2150,0
2152,0
2153,0
2478,0
2480,0
2481,0
2483,0
2484,0
2485,0
2486,0
2488,0
2489,0
2490,0
2494,0
2495,0
2497,0
2498,0
2499,0
2501,0
2502,0
2503,0
2504,0
2505,0
2506,0
2507,0
2511,0
2512,0
2513,0
2514,0
2515,0
2516,0
2517,0
2518,0
2519,0
2520,0
2522,0
2523,0
2524,0
2525,0
2526,0
2527,0
2529,0
2530,0
2531,0
2533,0
2534,0
2535,0
2536,0
2537,0
2538,0
2540,0
2541,0
2542,0
2544,0
2546,0
2547,0
2548,0
2549,0
2551,0
2558,0
2559,0
2560,0
2561,0
2562,0
2563,0
2564,0
2565,0
2566,0
2567,0
2568,0
2569,0
2570,0
2571,0
2572,0
2573,0
2575,0
2576,0
2577,0
2578,0
2579,0
2580,0
2581,0
2584,0
2585,0
2586,0
2587,0
2588,0
2589,0
2590,0
2591,0
2592,0
2594,0
2595,0
2596,0
2597,0
2598,0
2599,0
2600,0
2602,0
2603,0
2604,0
2605,0
2606,0
2607,0
2608,0
2609,0
2611,0
2612,0
2613,0
2614,0
2615,0
2616,0
2617,0
2618,0
2619,0
2620,0
2621,0
2623,0
2625,0
2627,0
2628,0
2629,0
2630,0
2631,0
2632,0
2633,0
2635,0
2636,0
2637,0
2639,0
2640,0
2642,0
2643,0
2644,0
2645,0
2646,0
2647,0
2649,0
2650,0
2651,0
2653,0
2654,0
2655,0
2657,0
2658,0
2659,0
2661,0
2662,0
2663,0
2664,0
2665,0
2666,0
2667,0
2668,1
2669,0
2672,0
2673,0
2674,0
2675,0
2676,0
2678,0
2679,0
2680,0
2681,0
2682,0
2683,0
2684,0
2685,0
2686,0
2687,0
2688,0
2690,0
2691,0
2692,0
2693,0
2694,0
2695,0
2696,0
2698,0
2699,0
2700,0
2701,0
2702,0
2703,0
2704,0
2705,0
2706,0
2707,1
2708,0
2710,0
2711,0
2712,0
2713,0
2715,0
2716,0
2717,0
2718,0
2719,0
2720,0
2721,0
2724,0
2725,0
2726,0
2727,0
2728,0
2729,0
2730,0
2731,0
2732,0
2733,0
2734,0
2735,0
2736,0
2737,0
2738,0
2740,0
2742,0
2743,0
2744,0
2745,0
2746,0
2748,0
2749,0
2750,0
2751,0
2752,0
2753,0
2754,0
2755,0
2756,0
2757,0
2758,0
2759,0
2760,0
2761,0
2762,0
2763,0
2764,0
2766,0
2768,0
2769,0
2771,1
2772,0
2773,0
2774,0
2775,0
2776,0
2779,0
2780,0
2781,0
2782,0
2785,1
2786,0
2788,0
2790,0
2793,0
2795,0
2796,0
2797,0
2798,0
2799,0
2801,0
2803,0
2804,0
2805,0
2806,0
2807,0
2808,0
2809,0
2810,0
2811,0
2812,1
2813,0
2814,0
2815,0
2816,0
2817,0
2821,0
2822,0
2823,0
2824,0
2825,0
2826,0
2827,0
2828,0
2830,0
2833,0
2834,0
2836,0
2837,0
2838,0
2841,0
2843,0
2844,0
2845,0
2847,0
2849,0
2850,0
2851,0
2852,0
2853,0
2855,0
2856,0
2857,0
2858,0
2859,0
2860,0
2861,0
2863,1
2864,0
2865,1
2867,0
2868,0
2869,0
2870,0
2871,0
2872,0
2875,0
2876,0
2877,0
2878,0
2879,0
2880,0
2881,0
2882,0
2883,0
2884,0
2885,0
2886,0
2887,0
2888,0
2890,0
2891,0
2892,0
2893,0
2894,0
2895,0
2896,0
2897,0
2898,0
2899,0
2900,0
2901,0
2902,1
2904,0
2905,0
2907,1
2909,0
4060,0
4061,0
4062,0
4064,0
4065,0
4066,0
4069,0
4072,0
4073,0
4074,0
4075,0
4077,0
4079,0
4080,0
4082,0
4084,0
4085,0
4086,1
4087,1
4090,0
4091,0
4093,0
4094,0
4095,0
4096,0
4097,0
4098,0
4099,0
4100,0
4101,0
4102,0
4103,0
4105,0
4106,1
4108,0
4109,0
4111,0
4112,0
4113,0
4116,0
4117,0
4120,0
4121,1
4122,0
4123,0
4124,0
4125,0
4127,0
4128,0
4129,0
4131,0
4132,0
4133,0
4134,0
4135,0
4136,0
4138,0
4140,1
4141,0
4142,0
4143,0
4144,0
4145,0
4146,0
4147,0
4149,0
4150,0
4151,0
4152,0
4154,0
4155,0
4156,0
4157,0
4158,0
4159,0
4160,0
4161,0
4162,0
4164,0
4165,0
4166,0
4168,0
4169,0
4170,0
4171,0
4172,0
4173,0
4174,0
4175,0
4177,0
4178,0
4179,0
4180,0
4181,0
4183,0
4184,0
4185,0
4186,0
4187,0
4188,0
4189,0
4191,0
4193,0
4194,0
4195,0
4196,0
4198,0
4199,0
4200,0
4201,0
4202,0
4203,0
4343,0
4344,0
4345,0
4346,0
4347,0
4348,0
4350,0
4351,0
4352,0
4354,0
4358,0
4359,0
4360,0
4361,0
4363,0
4365,0
4366,0
4367,0
4368,0
4370,0
4371,0
4372,0
4373,0
4374,0
4375,1
4376,0
4377,0
4378,0
4380,0
4381,0
4382,0
4383,0
4386,0
4387,0
4388,0
4389,0
4390,0
4391,0
4392,0
4393,0
4394,0
4395,0
4397,0
4398,0
4399,0
4400,0
4401,0
4402,0
4403,0
4406,0
4407,0
4408,0
4409,0
4410,0
4411,0
4412,0
4414,0
4415,0
4416,0
4418,0
4419,1
4420,0
4421,0
4422,0
4423,0
4424,0
4425,0
4426,0
4428,0
4429,0
4430,0
4432,0
4433,0
4435,0
4436,0
4437,1
4438,1
4439,1
4440,1
4442,0
4443,0
4447,0
4448,0
4449,0
4450,0
4451,0
4452,0
4453,0
4456,0
4457,0
4458,0
4460,0
4461,1
4462,0
4463,0
4464,0
4465,0
4466,0
4468,0
4469,0
4471,0
4473,0
4474,0
4475,0
4476,0
4477,0
4478,0
4479,0
4480,0
4481,0
4483,0
4484,0
4486,0
4487,0
4489,0
4491,0
4492,0
4493,0
4494,0
4495,0
4496,0
4497,0
4498,0
4499,1
4500,0
4501,0
4502,0
4503,0
4504,0
4506,0
4507,0
4508,0
4509,0
4510,0
4512,0
4513,0
4515,1
4516,0
4518,0
4520,0
4523,0
4524,0
4525,0
4526,0
4527,0
4528,1
4529,0
4530,0
4531,0
4532,0
4534,1
4536,0
4537,0
4540,0
4542,0
4544,0
4545,0
4546,0
4548,0
4549,0
4550,0
4551,0
4552,0
4553,0
4555,0
4556,0
4557,0
4558,0
4559,0
4561,0
4562,0
4563,0
4564,0
4565,0
4566,0
4568,0
4569,0
4571,0
4572,0
4574,0
4575,0
4576,0
4577,0
4578,0
4580,0
4581,0
4582,0
4583,0
4584,0
4585,0
4586,0
4587,0
4588,0
4589,0
4590,0
4591,0
4592,0
4593,0
4594,0
4596,0
4597,0
4599,0
4601,0
4602,0
4604,0
4605,0
4606,0
4607,0
4608,0
4609,0
4610,0
4611,0
4612,0
4613,0
4615,0
4616,0
4617,0
4618,0
4619,0
4620,0
4621,0
4622,0
4623,0
4624,0
4625,0
4626,0
4627,0
4628,0
4630,0
5636,0
5637,0
5640,0
5641,0
5642,0
5643,0
5644,0
5645,0
5646,0
5647,0
5649,0
5652,0
5653,0
5654,0
5655,0
5658,0
5660,0
5661,0
5662,0
5663,0
5664,0
5665,0
5666,0
5667,0
5668,0
5670,0
5671,0
5672,0
5673,0
5674,0
5675,0
5676,0
5677,0
5678,0
5679,0
5680,0
5681,0
5682,0
5683,0
5684,0
5685,0
5687,0
5688,0
5690,0
5692,0
5693,0
5694,0
5695,0
5696,0
5697,0
5698,0
5699,0
5700,0
5702,0
5703,0
5706,0
5707,0
5708,0
5709,0
5710,0
5712,0
5713,0
5714,0
5715,0
5716,0
5717,0
5718,0
5719,0
5720,0
5721,0
5722,0
5724,0
5725,0
5726,0
5727,0
5728,0
5729,0
5730,0
5731,0
5732,0
5734,0
5735,0
5736,0
5737,1
5740,0
5741,0
5742,0
5743,0
5744,0
5745,0
5746,0
5747,0
5748,0
5749,0
5750,0
5751,0
5752,0
5753,0
5754,0
5755,0
5758,0
5759,0
5760,0
5761,0
5762,0
5763,0
5764,0
5766,0
5769,0
5770,0
5772,0
5773,0
5774,0
5775,0
5777,0
5778,0
5779,0
5781,0
5783,0
5784,1
5785,0
5786,0
5787,0
5788,0
5789,0
5790,0
5791,0
5792,0
5793,0
5795,1
5796,1
5797,1
5798,0
5800,0
5801,0
5802,0
5803,0
5804,0
5805,0
5806,0
5807,0
5810,0
5811,0
5813,0
5814,0
5815,0
5816,0
5817,0
5820,0
5822,0
5823,0
5824,0
5825,0
5826,0
5827,0
5828,0
5829,0
5830,0
5831,0
5832,0
5833,0
5834,0
5835,0
5836,0
5837,0
5838,0
5839,0
5840,0
5841,0
5843,0
5844,0
5845,0
5847,0
5848,0
5849,0
5850,1
5851,0
5852,0
5853,0
5854,0
5855,0
5856,0
5857,0
5858,0
5860,0
5861,0
5862,0
5863,0
5864,0
5865,0
5866,0
5867,0
5868,0
5869,0
5870,0
5872,0
5873,0
5875,0
5876,0
5877,0
5878,0
5879,0
5880,0
5881,0
5882,0
5884,0
5885,0
5886,0
5887,0
5889,0
5890,0
5891,0
5892,0
5893,0
5894,0
5895,0
5896,0
5897,0
5899,0
5900,0
5902,0
5904,0
5905,0
5907,0
5913,0
5914,0
5915,0
5916,0
5917,0
5918,0
5919,0
5920,0
5921,0
5923,0
5924,0
5926,1
5928,0
5929,0
5934,1
5935,1
5937,0
5938,0
5939,0
5940,0
5942,0
5943,0
5945,0
5947,0
5948,0
5949,0
5950,0
5952,0
5953,0
5954,0
5955,0
5956,0
5959,0
5960,0
5961,0
5962,0
5963,0
5964,0
5966,0
5967,0
5968,0
5969,0
5970,0
5971,1
5972,0
5973,0
5974,0
5975,0
5976,0
5977,0
5978,0
5979,0
5980,0
5982,0
5983,0
5984,0
5985,0
5986,0
5987,0
5988,0
5989,0
5990,0
5991,0
5992,0
5994,0
5995,0
5997,0
5998,0
5999,0
6000,0
6001,0
6002,0
6003,0
6006,0
6007,0
6008,0
6009,0
6011,0
6013,0
6014,0
6015,0
6016,0
6018,0
6019,0
6020,0
6021,0
6023,0
6024,0
6025,0
6026,0
6028,0
6029,0
6030,0
6032,0
6033,0
6034,0
6035,0
6036,0
6037,0
6038,0
6039,0
6040,0
6041,0
6042,0
6043,0
6044,0
6045,0
6046,1
6048,0
6049,0
6050,0
6051,0
6052,0
6053,0
6054,0
6055,0
6056,0
6058,0
6059,0
6060,0
6062,0
6063,0
6065,0
6066,0
6067,0
6232,0
6233,0
6235,0
6236,0
6237,0
6238,0
6239,0
6240,0
6241,0
6242,0
6243,0
6244,0
6245,0
6246,0
6247,0
6249,0
6250,0
6251,0
6252,0
6253,0
6254,0
6255,0
6257,0
6258,0
6259,0
6261,0
6262,0
6263,0
6264,0
6265,0
6267,0
6268,0
6269,0
6271,0
6272,0
6273,0
6274,0
6275,0
6276,0
6277,0
6278,0
6279,0
6280,0
6281,0
6282,0
6283,0
6284,0
6285,0
6287,0
6288,0
6291,0
6292,0
6293,0
6295,0
6296,0
6297,0
6299,0
6906,0
6908,0
6909,0
6910,0
6911,0
6913,0
6914,0
6915,0
6917,0
6918,0
6920,0
6921,0
6922,0
6924,0
6925,0
6926,0
6927,0
6928,0
6929,0
6931,0
6932,0
6934,0
6935,0
6937,0
6938,0
6939,0
6941,0
6942,0
6943,0
6945,0
6946,0
6947,0
6948,0
6949,0
6950,0
6951,0
6952,0
6953,0
6956,0
6957,0
6958,0
6959,0
6960,0
6961,0
6963,0
6964,0
6965,0
6966,0
6967,0
6968,0
6969,0
6970,0
6971,0
6972,0
6973,0
6974,0
6975,0
6977,0
6978,0
6979,0
6980,0
6981,0
6982,0
6983,0
6984,0
6985,0
6987,0
6988,0
6989,0
6991,0
6992,0
6993,0
6994,1
6995,0
6997,0
6998,0
6999,0
7000,0
7001,0
7002,0
7003,0
7004,0
7005,0
7007,1
7008,0
7009,0
7011,0
7012,0
7013,0
7014,0
7015,0
7016,0
7017,0
7020,0
7021,0
7023,0
7025,0
7026,0
7027,0
7028,0
7029,0
7030,0
7031,0
7033,0
7034,0
7035,0
7036,0
7037,0
7039,0
7040,0
7042,0
7043,0
7044,0
7046,1
7047,0
7048,0
7050,0
7051,0
7052,0
7053,0
7055,0
7056,0
7057,0
7058,0
7059,0
7061,0
7062,0
7063,0
7064,0
7065,0
7066,0
7067,0
7069,0
7070,0
7071,0
7072,0
7073,0
7074,0
7075,0
7076,0
7078,0
7079,0
7081,0
7082,0
7083,0
7086,0
7087,0
7088,0
7089,0
7090,0
7091,0
7092,0
7094,0
7095,0
7098,0
7099,0
7100,0
7102,0
7103,0
7104,0
7105,0
7106,0
7107,0
7108,0
7109,0
7110,0
7111,0
7114,0
7116,0
7117,0
7118,0
7119,1
7120,0
7121,0
7122,0
7124,0
7125,0
7126,0
7127,0
7128,1
7129,0
7131,0
7132,0
7133,0
7134,1
7135,0
7136,0
7139,0
7140,0
7141,1
7143,0
7144,0
7145,0
7146,0
7147,0
7148,0
7149,0
7152,0
7153,0
7154,0
7155,0
7157,0
7158,0
7159,0
7161,0
7162,0
7163,0
7164,0
7165,0
7167,0
7168,0
7169,0
7170,0
7171,0
7172,0
7173,0
7174,0
7176,0
7177,0
7180,0
7181,0
7183,0
7184,0
7185,0
7186,0
7188,0
7190,0
7191,0
7192,0
7193,0
7194,0
7195,0
7197,0
7198,0
7199,0
7200,0
7201,0
7202,0
7203,0
7204,0
7205,0
7206,0
7207,0
7208,0
7209,0
7210,0
7211,0
7212,0
7213,0
7217,0
7219,0
7220,0
7221,0
7222,1
7223,0
7224,0
7225,0
7226,1
7228,0
7229,0
7230,0
7232,0
7233,0
7234,0
7235,0
7236,0
7237,0
7238,0
7239,0
7240,0
7242,0
7243,0
7244,0
7246,0
7247,0
7249,0
7251,0
7252,0
7253,0
7254,0
7255,0
7256,0
7257,0
7258,0
7259,0
7260,0
7261,0
7262,0
7263,0
7264,0
7265,0
7266,0
7267,0
7268,0
7269,0
7270,0
7272,0
7274,0
7275,0
7276,0
7277,0
7278,0
7279,0
7281,0
7283,0
7284,0
7287,0
7288,0
7290,0
7291,0
7292,1
7293,0
7294,0
7295,1
7296,0
7297,0
7298,0
7299,0
7300,0
7301,0
7302,0
7303,0
7304,0
7305,0
7306,0
7307,0
7309,0
7310,0
7311,0
7312,0
7313,0
7314,0
7315,0
7316,0
7317,0
7318,0
7319,0
7320,0
7321,0
7322,0
7323,0
7324,0
7325,0
7326,0
7329,0
7333,0
7335,0
7336,0
7337,0
8760,0
8761,0
8762,0
8763,0
8764,0
8766,0
8768,0
8769,0
8770,0
8771,0
8772,0
8773,0
8774,0
8775,0
8776,0
8777,0
8778,0
8779,0
8781,0
8782,0
8784,0
8786,0
8787,0
8788,0
8789,0
8791,0
8792,0
8793,0
8794,0
8795,0
8796,0
8797,0
8798,0
8799,0
8801,0
8803,0
8804,0
8805,0
8807,0
8808,0
8809,0
8810,0
8811,1
8812,0
8813,0
8814,0
8817,0
8818,0
8819,0
8821,0
8822,0
8823,0
8824,0
8825,0
8826,0
8827,0
8828,0
8829,0
8830,0
8831,0
8832,0
8833,0
8834,0
8835,0
8836,0
8837,0
8839,0
8840,0
8841,0
8843,0
8844,0
8845,0
8847,0
8849,0
8850,0
8852,0
8854,0
8855,0
8856,0
8857,0
8859,0
8860,0
8861,0
8862,0
8863,0
8865,0
8866,0
8867,0
8868,0
8869,0
8870,1
8871,1
8872,0
8873,0
8874,0
8876,0
8877,0
8878,0
8879,0
8880,0
8882,0
8883,0
8884,0
8887,0
8888,0
8890,0
8891,0
8892,0
8896,0
8897,0
8898,0
8899,0
8903,0
8905,0
8906,1
8907,0
8909,0
8910,0
8911,0
8912,0
8913,0
8915,0
8916,0
8917,0
8918,0
8919,0
8921,0
8922,0
8923,0
8924,1
8926,0
8927,0
8928,0
8932,0
8934,0
8936,0
8939,0
8940,0
8941,0
8942,0
8943,0
8944,0
8947,0
8948,0
8949,0
8950,0
8951,0
8952,1
8955,0
8956,0
8957,0
8958,0
8959,0
8960,0
8961,0
8962,0
8964,0
8965,0
8966,0
8967,0
8968,0
8969,0
8970,0
8971,0
8972,0
8974,0
8975,0
8976,0
8977,0
8978,0
8979,0
8980,0
8983,0
8984,0
8986,0
8987,0
8988,0
8990,0
8992,0
8993,0
8996,0
8997,0
8998,0
8999,0
9000,0
9002,0
9003,0
9004,0
9005,0
9007,0
9008,0
9009,0
9010,1
9011,0
9013,1
9014,0
9015,0
9016,0
9017,0
9018,0
9019,0
9020,0
9021,0
9022,0
9023,0
9024,0
9025,0
9026,0
9027,0
9028,0
9029,1
9030,0
9031,0
9034,0
9035,0
9037,0
9038,0
9039,0
9041,0
9042,0
9043,0
9044,0
9045,0
9046,0
9047,0
9187,0
9188,0
9190,0
9191,0
9192,0
9193,0
9194,0
9195,0
9198,0
9199,0
9200,0
9201,0
9202,1
9203,0
9204,0
9207,0
9208,0
9209,0
9210,0
9212,0
9214,0
9215,1
9216,0
9217,0
9218,0
9219,0
9221,0
9222,0
9223,0
9224,0
9225,0
9226,0
9227,0
9228,0
9229,0
9231,0
9232,0
9233,0
9236,0
9237,0
9238,0
9239,0
9240,0
9241,0
9242,0
9243,0
9244,0
9245,0
9246,0
9247,0
9248,0
9249,0
9250,0
9251,0
9252,0
9253,0
9254,0
9255,0
9257,0
9258,0
9259,0
9260,0
9261,0
9262,0
9263,0
9264,0
9265,0
9266,0
9268,0
9269,0
9271,0
9272,0
9274,0
9275,0
9276,0
9277,0
9279,0
9281,0
9282,0
9283,0
9284,0
9286,0
9288,0
9289,0
9290,0
9291,0
9293,0
9297,0
9298,0
9299,0
9300,0
9301,0
9303,0
9304,1
9305,1
9306,1
9307,1
9308,0
9309,0
9311,0
9312,0
9313,0
9314,0
9315,0
9316,1
9317,0
9319,0
9320,0
9322,0
9323,0
9324,0
9326,0
9327,0
9328,0
9329,0
10483,0
10484,0
10485,0
10486,0
10487,0
10488,0
10489,0
10490,0
10491,0
10493,1
10495,0
10496,0
10497,0
10498,0
10500,0
10501,0
10503,0
10504,0
10505,0
10506,0
10507,0
10509,0
10510,0
10511,0
10512,0
10513,0
10514,0
10515,0
10516,0
10517,0
10518,0
10519,0
10521,0
10522,0
10523,0
10524,0
10525,0
10526,0
10527,0
10528,0
10530,0
10531,0
10532,0
10533,0
10535,0
10536,0
10537,0
10538,0
10540,0
10541,1
10542,0
10543,0
10544,0
10547,0
10548,0
10549,0
10550,0
10551,0
10552,0
10553,0
10554,0
10555,1
10558,0
10559,0
10560,0
10561,0
10562,0
10563,0
10564,0
10565,0
10567,0
10568,0
10569,0
10571,0
10573,0
10574,0
10575,0
10576,0
10577,0
10578,0
10579,0
10580,0
10581,0
10582,0
10583,0
10584,0
10588,0
10589,0
10590,0
10591,0
10594,0
10595,0
10597,0
10598,0
10599,0
10600,0
10601,0
10602,0
10603,0
10604,0
10605,0
10606,0
10607,1
10608,0
10609,0
10610,0
10611,0
10612,0
10613,0
10614,0
10615,0
10616,0
10617,0
10619,0
10621,0
10622,0
10624,0
10768,0
10769,0
10770,0
10771,0
10772,0
10773,0
10774,0
10775,0
10776,0
10778,0
10779,0
10780,0
10781,0
10782,0
10784,0
10785,0
10786,0
10788,0
10792,0
10793,0
10795,0
10796,0
10797,0
10798,0
10800,0
10801,0
10802,0
10803,0
10804,0
10805,0
10808,0
10809,0
10810,0
10811,0
10812,0
10814,0
10815,0
10816,0
10819,0
10820,0
10821,0
10823,0
10824,0
10825,0
10826,0
10829,0
10831,0
10832,0
10833,0
10834,0
10835,0
10836,0
10837,0
10838,0
10839,0
10840,0
10841,0
10842,0
10843,0
10844,0
10845,0
10847,0
10849,0
10850,0
10851,0
10852,0
10853,0
10854,0
10855,0
10856,0
10857,0
10860,0
10861,0
10862,0
10863,0
10864,0
10865,1
10866,0
10867,0
10868,0
10869,0
10871,0
10872,0
10873,0
10875,0
10876,0
10877,0
10878,0
10879,0
10880,0
10881,0
10882,0
10883,0
10884,0
10886,0
10887,0
10888,0
10889,0
10890,0
10891,0
10892,0
10893,0
10894,0
10895,0
10896,0
10897,0
10898,0
10899,0
10900,0
10901,0
10902,0
11047,0
11048,0
11049,0
11050,0
11051,0
11052,0
11053,0
11054,0
11056,0
11057,0
11058,0
11059,0
11060,1
11061,0
11062,0
11063,0
11064,0
11065,0
11067,0
11068,0
11069,0
11071,0
11072,0
11073,0
11074,0
11075,0
11077,0
11078,0
11079,0
11080,0
11081,0
11082,0
11083,0
11085,0
11086,0
11088,0
11089,0
11090,0
11091,0
11092,0
11094,0
11095,0
11096,0
11097,0
11098,0
11099,0
11100,0
11101,0
11102,0
11103,0
11105,0
11106,0
11107,0
11108,0
11109,0
11110,0
11112,0
11113,0
11114,0
11115,0
11116,0
11118,0
11120,0
11121,0
11122,0
11125,0
11126,0
11127,0
11128,0
11129,0
11132,0
11133,0
11134,0
11135,0
11137,0
11138,0
11146,0
11147,0
11148,0
11150,0
11152,0
11153,0
11155,0
11156,0
11157,0
11158,0
11159,0
11160,0
11161,0
11162,0
11163,0
11164,0
11165,0
11166,0
11168,0
11169,0
11170,0
11171,0
11172,0
11173,0
11174,0
11175,0
11177,0
11178,0
11179,0
11180,0
11181,0
11182,0
11183,0
11184,0
11185,0
11186,0
11188,0
11189,0
11190,0
11191,0
11192,0
11193,0
11194,0
11195,0
11196,0
11197,0
11199,0
11200,0
11201,0
11202,0
11203,0
11204,0
11205,0
11206,0
11207,0
11208,0
11209,0
11212,0
11213,0
11214,0
11216,0
11217,0
11219,0
11221,0
11225,0
11227,0
11229,0
11230,0
11231,0
11232,0
11233,0
11234,0
11235,0
11236,0
11237,0
11238,0
11239,0
11240,0
11242,0
11243,0
11244,0
11245,0
11246,0
11247,0
11248,0
11251,0
11252,0
11254,0
11255,0
11256,0
11257,0
11259,0
11260,0
11261,0
11263,0
11264,0
11265,0
11266,0
11267,0
11268,0
11269,0
11270,0
11271,0
11272,0
11276,0
11277,0
11278,0
11279,0
11280,0
11281,0
11427,0
11429,0
11430,0
11431,0
11432,0
11433,0
11434,0
11435,0
11437,0
11438,0
11439,0
11442,0
11443,0
11444,0
11445,1
11966,0
11967,0
11968,0
11969,0
11970,0
11971,0
11972,0
11973,0
11974,0
11975,0
11976,0
11977,0
11978,1
11979,0
11980,0
11981,0
11982,0
11983,0
11984,0
11985,0
11986,0
11987,0
11988,0
11989,0
11990,0
11991,0
11992,0
11993,0
11994,0
11995,0
11996,0
11997,0
11998,0
12000,0
12001,0
12002,0
12004,0
12005,0
12007,0
12008,0
12009,0
12010,0
12011,0
12012,0
12013,0
12014,0
12015,0
12016,0
12018,0
12019,0
12021,0
12023,0
12024,0
12025,0
12027,0
12028,0
12030,0
12031,0
12032,0
12035,0
12036,0
12039,0
12040,0
12042,0
12043,0
12045,0
12046,0
12047,0
12048,0
12049,0
12050,0
12051,0
12052,0
12056,0
12058,0
12059,0
12060,0
12061,0
12062,0
12063,0
12065,0
12066,0
12070,0
12071,0
12072,0
12073,0
12074,0
12075,0
12076,0
12077,0
12078,0
12079,0
12081,0
12082,0
12083,0
12084,0
12085,0
12086,0
12087,0
12088,0
12089,0
12090,0
12091,0
12092,0
12093,0
12094,0
12095,0
12096,0
12098,0
12100,0
12101,0
12102,0
12104,0
12105,0
12106,0
12107,0
12108,0
12685,0
12687,0
12688,0
12689,0
12690,0
12691,0
12692,0
12693,0
12694,0
12695,0
12696,0
12697,0
12698,0
12699,0
12700,0
12701,0
12704,0
12705,0
12707,0
12708,0
12709,0
12711,0
12712,0
12713,0
12715,0
12717,0
12719,0
12720,0
12721,0
12722,0
12725,0
12726,0
12727,0
12729,0
12730,0
12731,0
12732,0
12733,0
12735,0
12737,0
12738,0
12739,0
12741,0
12742,0
12745,0
12746,0
12747,0
12748,0
12749,0
12750,0
12751,1
12753,0
12754,0
12755,0
12756,0
12757,0
12758,0
12761,0
12762,0
12763,0
12764,0
12765,0
12766,0
12767,0
12768,0
12771,0
12772,0
12773,0
12775,0
12776,0
12777,0
12778,0
12779,0
12780,0
12781,0
12783,0
12784,0
12785,0
12787,0
12788,0
12789,0
12790,0
12791,0
12792,0
12795,0
12796,0
12797,0
12798,1
12799,0
12800,0
12801,0
12802,0
12803,0
12804,0
12805,0
12806,0
12807,0
12809,0
12810,0
12812,0
12814,0
12815,0
12816,0
12817,0
12818,0
12819,0
12820,0
12823,0
12824,0
12825,0
12826,0
12827,0
12828,0
12829,0
12830,1
12831,0
12832,0
12834,0
12835,1
12836,0
12837,0
12838,0
12839,0
12840,0
12841,0
12842,0
12844,0
12845,1
12846,0
12848,0
12849,0
12851,0
12852,0
12853,0
12855,0
12856,0
12858,0
12859,0
12860,0
12862,0
12863,0
12864,0
12865,0
12866,0
12867,0
12868,0
12869,0
12872,0
12873,0
12877,0
12879,0
12880,0
12881,0
12882,0
12883,0
12884,0
12885,0
12886,0
12887,0
12888,0
12889,0
12890,0
12891,0
12892,0
12893,0
12894,0
12896,0
12897,1
12898,0
12899,0
12900,0
12901,0
12902,0
12903,0
12904,0
12905,0
12906,0
12907,0
12908,0
12911,0
12912,0
12913,0
12914,0
12915,0
12917,0
12918,0
12919,0
12921,0
12922,0
12923,0
12924,0
12925,0
12926,0
12927,0
12928,0
12929,0
12930,0
12931,1
12932,0
12933,0
12935,0
12936,0
12937,0
12938,0
12939,0
12940,0
12942,0
12943,0
12944,0
12945,0
12948,0
12949,0
12950,0
12951,0
12952,0
12953,0
12954,0
12955,0
12956,0
12957,0
12958,0
12959,0
12961,0
12962,0
12964,0
12965,0
12967,0
12968,0
12969,0
12970,0
12971,0
12972,0
13352,0
13353,1
13354,0
13355,0
13356,0
13357,0
13358,0
13359,0
13360,0
13361,0
13362,0
13363,0
13364,0
13365,0
13366,0
13367,0
13369,0
13370,0
13371,0
13373,0
13374,0
13375,0
13376,0
13377,0
13379,0
13382,0
13384,0
13385,0
13386,0
13387,0
13388,0
13390,0
13391,1
13392,0
13394,0
13395,0
13396,0
13398,1
13399,0
13400,0
13401,0
13402,0
13403,0
13404,0
13405,0
13406,0
13407,0
13408,0
13409,0
13410,0
13413,0
13414,0
13416,0
13417,0
13419,0
13420,0
13421,0
13423,0
13424,0
13425,0
13426,0
13428,0
13430,0
13431,0
13432,0
13433,0
13435,0
13436,0
13437,0
13438,0
13440,0
13441,0
13442,0
13444,0
13445,0
13446,0
13447,0
13449,0
13451,0
13452,0
13453,0
13454,0
13455,0
13456,0
13457,0
13458,0
13459,0
13460,0
13461,0
13462,0
13463,0
13464,0
13465,0
13466,0
13467,0
13469,0
13470,0
13473,0
13474,0
13475,0
13476,0
13477,0
13478,0
13479,0
13480,0
13482,0
13483,0
13484,0
13485,0
13487,0
13488,0
13489,0
13490,0
13491,0
13492,0
13494,0
13495,0
13633,0
13634,0
13636,0
13637,0
13638,0
13639,0
13640,0
13641,0
13643,0
13644,0
13645,0
13646,0
13648,0
13649,0
13650,0
13651,0
13652,0
13654,0
13655,0
13656,0
13657,0
13658,0
13660,0
13661,0
13663,0
13664,0
13665,0
13666,1
13667,0
13668,0
13670,0
13673,0
13674,0
13675,0
13676,0
13677,0
13678,0
13679,0
13680,0
13681,0
13682,0
13683,0
13685,0
13686,0
13687,0
13690,0
13693,0
13694,0
13695,0
13696,1
13697,0
13698,0
13700,0
13701,0
13702,0
13703,0
13704,0
13705,1
13706,0
13707,0
13708,0
13709,0
13711,0
13712,0
13713,0
13715,0
13716,0
13717,0
13718,0
13719,0
13720,0
13721,0
13722,0
13723,0
13724,0
13725,0
13726,0
13727,0
13728,0
13730,0
13731,0
13733,0
13734,0
13735,0
13736,0
13737,0
13738,0
13739,0
13740,0
13741,0
13743,0
13745,0
13747,0
13748,0
13749,0
13750,0
13751,0
13753,0
13754,1
13755,0
13756,0
13757,0
13758,0
13760,0
13761,0
13762,0
13763,0
13764,0
13766,0
13767,0
13768,0
13769,0
13771,0
13772,0
13773,0
13775,0
13776,0
14555,0
14556,0
14557,0
14558,0
14560,0
14561,0
14562,0
14563,0
14564,0
14566,0
14567,0
14568,0
14569,0
14571,0
14572,0
14573,0
14574,0
14575,0
14576,0
14577,0
14578,0
14579,0
14580,0
14581,0
14582,0
14583,0
14585,0
14586,0
14587,0
14588,0
14589,0
14590,0
14591,0
14593,0
14594,0
14595,0
14596,0
14597,0
14598,0
14599,0
14601,0
14602,1
14603,0
14604,0
14606,0
14608,0
14609,0
14610,0
14611,0
14612,0
14613,0
14614,0
14615,0
14616,0
14618,0
14619,0
14620,0
14621,0
14623,0
14624,0
14625,0
14626,0
14627,0
14628,0
14629,0
14630,0
14631,0
14632,0
14633,0
14634,0
14635,0
14637,0
14638,0
14639,0
14641,0
14642,0
14643,0
14644,0
14645,0
14646,0
14647,0
14648,1
14649,0
14650,0
14651,0
14652,0
14655,0
14656,0
14657,0
14658,0
14659,0
14660,0
14661,0
14664,0
14665,0
14666,0
14667,0
14668,0
14669,0
14670,0
14671,0
14672,0
14673,0
14674,0
14675,0
14676,0
14678,0
14679,0
14680,0
14681,0
14683,0
14684,0
14685,0
14687,0
14688,0
14689,0
14690,0
14691,0
14692,0
14693,0
14694,0
14695,0
14696,1
14697,0
14698,0
14700,0
14701,0
14702,0
14704,0
14705,0
14707,1
14708,1
14709,1
14710,0
14711,0
14712,0
14713,0
14714,0
14715,0
14717,0
14718,0
14719,0
14720,0
14724,0
14725,0
14726,0
14727,0
14728,0
14729,0
14730,0
14731,0
14732,0
14733,0
14734,0
14736,0
14737,0
14738,0
14740,0
14741,0
14743,0
14745,0
14747,0
14748,0
14749,0
14750,0
14751,0
14752,0
14753,0
14754,0
14755,0
14756,0
14759,0
14760,0
14761,0
14762,0
14763,0
14767,0
14768,0
14769,0
14770,0
14773,0
14774,0
14776,0
14777,0
14778,0
14780,0
14781,0
14782,0
14783,0
14784,0
14785,0
14787,0
14788,0
14789,0
14790,0
14793,0
14794,0
14797,0
14799,0
14800,0
14801,0
14802,0
14803,0
14804,0
14805,0
14806,0
14807,1
14808,0
14809,0
14810,0
14811,0
14813,0
14814,0
14815,0
14816,0
14817,1
14819,1
14821,0
14822,0
14823,0
14824,1
14825,0
14827,0
14828,0
14829,0
14830,0
14831,0
14833,0
14834,0
14836,0
14837,0
14838,0
14839,0
14840,0
14841,0
14842,0
14843,0
14844,0
14847,0
14848,0
14849,0
14850,0
14851,0
14852,0
14853,0
14855,0
14856,0
14858,0
14861,0
14862,0
14863,0
14864,0
14865,0
14866,0
14867,0
14868,0
14869,0
14870,0
14871,0
14872,0
14873,0
14874,0
14875,0
14876,0
14877,0
14878,0
14879,0
14880,0
14881,0
14885,0
14886,0
14887,0
14888,0
14890,0
14891,0
14892,0
14894,0
14895,0
14896,0
14897,0
14898,0
14899,0
14900,0
14901,0
14902,0
14903,0
14905,0
14907,0
14908,0
14911,0
14912,0
14913,0
14914,0
14915,0
14916,0
14917,0
14918,0
14919,0
14920,0
14921,0
14923,0
14924,0
14925,0
14926,0
14928,0
14929,0
14930,0
14931,0
14933,0
14934,0
14935,0
14936,0
14939,0
14940,0
14941,0
14943,0
14946,0
14947,0
14948,0
14949,0
14951,0
14952,0
14953,0
14954,0
14955,0
14956,0
14958,0
14959,0
14960,0
14961,0
14962,0
14963,0
14965,0
14966,0
14967,0
14968,0
14969,0
14970,0
14971,0
14973,0
14974,0
14975,0
14978,0
14979,0
14980,0
14981,0
14982,0
14983,0
14984,0
14985,0
15130,0
15132,0
15133,0
15134,0
15135,0
15136,0
15137,0
15140,0
15141,0
15142,0
15144,0
15145,0
15146,0
15148,0
15149,0
15150,0
15151,0
15152,0
15153,0
15154,0
15156,0
15157,0
15158,0
15159,0
15160,0
15161,0
15162,0
15164,0
15165,0
15166,0
15169,0
15170,0
15171,0
15173,0
15175,0
15176,0
15177,0
15179,0
15182,0
15183,0
15184,0
15185,0
15186,0
15187,0
15188,0
15190,0
15192,0
15194,0
15195,0
15197,0
15198,0
15201,0
15202,0
15203,0
15206,0
15208,0
15209,0
15210,0
15211,0
15212,0
15213,0
15214,0
15215,0
15216,0
15217,0
15218,0
15219,0
15220,0
15221,0
15222,0
15223,0
15225,0
15226,0
15227,0
15228,0
15229,0
15230,0
15234,0
15235,0
15236,0
15237,0
15238,0
15239,0
15240,0
15242,0
15243,0
15244,1
15245,0
15247,0
15248,0
15249,0
15250,0
15251,0
15252,0
15253,0
15254,0
15255,0
15258,0
15259,0
15260,0
15261,0
15262,0
15263,0
15264,0
15265,0
15266,0
15267,0
15268,0
15269,0
15270,0
15271,0
15272,0
15849,0
15850,0
15851,0
15852,0
15855,0
15856,0
15857,0
15858,0
15859,0
15860,0
15862,0
15863,0
15864,0
15865,0
15866,0
15867,0
15868,0
15870,0
15871,0
15872,0
15873,0
15874,0
15875,0
15876,0
15878,0
15879,0
15880,0
15881,0
15883,0
15884,0
15885,1
15886,0
15887,0
15888,0
15890,0
15891,0
15892,0
15893,0
15894,0
15895,0
15897,0
15898,0
15899,0
15900,0
15901,0
15902,0
15903,0
15904,0
15905,0
15906,0
15907,0
15908,0
15909,0
15910,0
15912,1
15913,0
15914,0
15916,0
15917,0
15919,0
15921,0
15922,0
15923,0
15924,0
15925,0
15926,0
15928,0
15929,0
15930,0
15932,0
15933,1
15935,0
15936,0
15937,0
15938,0
15939,0
15940,0
15941,0
15942,0
15943,0
15944,0
15946,0
15947,0
15948,0
15950,0
15951,0
15952,0
15954,0
15955,0
15956,0
15957,0
15958,0
15959,0
15960,0
15961,0
15963,0
15964,0
15967,0
15971,1
15972,0
15975,0
15976,0
15977,0
15978,0
15979,0
15980,0
15981,0
15982,0
15983,0
15984,0
15985,0
15986,0
15987,0
15988,0
16133,0
16135,0
16140,0
16142,0
16143,0
16144,0
16146,0
16147,0
16148,0
16149,0
16150,0
16151,0
16152,0
16154,0
16155,0
16156,0
16157,0
16159,0
16160,0
16161,0
16162,0
16163,0
16164,0
16166,0
16168,0
16169,0
16170,0
16171,0
16172,0
16173,0
16175,0
16176,0
16177,0
16179,0
16180,0
16181,0
16182,0
16183,0
16184,0
16187,0
16189,0
16190,0
16191,0
16193,0
16194,0
16195,0
16196,0
16199,0
16200,0
16202,0
16203,0
16204,0
16205,0
16206,0
16207,0
16208,0
16209,0
16210,0
16211,0
16212,0
16213,0
16214,0
16215,0
16216,0
16218,0
16219,0
16220,0
16222,0
16224,0
16225,0
16226,0
16227,0
16228,0
16229,0
16230,0
16232,0
16233,0
16234,0
16235,0
16237,0
16239,0
16240,1
16241,0
16243,0
16244,0
16246,0
16247,0
16248,0
16249,0
16250,0
16251,0
16252,0
16254,0
16255,0
16256,0
16257,0
16258,0
16261,0
16262,0
16263,0
16264,0
16266,0
16267,0
16268,0
16269,0
16270,0
16271,0
16272,0
16273,0
16274,0
16275,1
16276,0
16419,0
16421,0
16422,0
16423,0
16424,0
16425,0
16426,0
16427,0
16428,0
16429,0
16430,0
16432,0
16433,0
16434,0
16438,0
16439,0
16440,0
16441,0
16442,0
16443,0
16445,0
16446,0
16449,0
16450,0
16452,0
16453,0
16454,0
16455,0
16456,0
16457,1
16458,0
16459,0
16460,0
16461,0
16462,0
16463,0
16465,0
16466,0
16467,0
16468,0
16469,0
16470,0
16471,0
16472,0
16473,0
16474,0
16475,0
16476,0
16477,0
16478,0
16479,0
16480,0
16481,0
16482,0
16484,0
16485,0
16486,0
16487,0
16489,0
16491,0
16492,0
16493,0
16494,0
16495,0
16496,0
16497,0
16498,0
16499,0
16500,0
16501,0
16502,0
16504,0
16505,0
16506,0
16507,0
16508,0
16510,0
16511,0
16512,0
16514,0
16515,0
16516,0
16517,0
16518,0
16519,0
16520,0
16521,0
16522,0
16523,0
16524,0
16525,0
16526,0
16527,0
16529,0
16530,0
16531,0
16534,0
16535,0
16536,0
16537,0
16538,0
16539,0
16540,0
16541,0
16542,0
16543,0
16544,0
16545,0
16546,0
16547,0
16548,0
16549,0
16550,0
16551,0
16552,0
16553,0
16554,0
16556,0
16557,0
16558,0
16560,1
17134,0
17135,0
17136,0
17137,0
17138,0
17139,0
17140,1
17141,0
17142,0
17143,0
17144,0
17145,0
17146,0
17147,0
17148,0
17150,0
17151,0
17152,0
17153,0
17154,0
17155,0
17156,0
17157,0
17158,0
17159,0
17160,0
17163,0
17164,0
17165,0
17166,0
17167,0
17168,0
17169,0
17170,0
17171,0
17172,0
17173,0
17174,0
17175,0
17176,0
17178,0
17179,0
17180,0
17183,0
17184,0
17186,0
17188,0
17189,0
17190,0
17192,0
17193,0
17194,0
17196,0
17197,0
17198,0
17199,0
17200,0
17201,0
17202,0
17203,0
17205,0
17206,0
17207,0
17208,0
17209,0
17210,0
17211,0
17213,0
17216,0
17218,0
17220,0
17221,0
17222,0
17223,0
17225,0
17226,0
17228,0
17229,0
17230,0
17232,0
17233,0
17234,0
17236,0
17237,0
17239,0
17240,0
17241,0
17242,0
17243,0
17244,0
17245,0
17246,0
17247,0
17248,0
17250,0
17251,0
17252,0
17254,0
17255,0
17256,0
17257,0
17260,0
17261,0
17262,0
17263,0
17265,0
17267,0
17268,0
17269,0
17270,0
17271,0
17272,0
17273,0
17274,0
17275,0
17276,0
17277,0
18138,0
18139,0
18140,0
18141,0
18142,0
18143,0
18145,0
18148,0
18149,0
18150,0
18152,0
18153,0
18154,0
18157,0
18158,0
18159,0
18160,0
18161,0
18162,0
18164,0
18166,0
18167,0
18168,0
18170,0
18171,0
18172,0
18173,0
18174,0
18175,0
18177,0
18178,0
18179,0
18180,0
18182,0
18183,0
18184,0
18185,0
18189,0
18190,0
18191,0
18192,0
18193,0
18194,0
18196,0
18199,0
18201,0
18202,0
18203,0
18204,0
18205,0
18206,0
18207,0
18208,0
18209,0
18210,0
18211,0
18212,0
18213,0
18214,0
18215,0
18216,0
18219,0
18220,1
18221,0
18222,0
18223,0
18224,0
18225,0
18226,0
18229,0
18230,0
18231,0
18233,0
18234,0
18235,0
18236,0
18238,0
18239,0
18241,0
18242,0
18243,0
18244,0
18245,0
18246,0
18247,0
18248,0
18250,0
18251,0
18252,0
18253,0
18256,0
18257,0
18258,0
18259,0
18260,0
18261,0
18262,0
18263,0
18266,0
18269,1
18270,0
18271,0
18272,0
18274,0
18276,0
18278,0
18280,0
18281,0
18282,0
18283,0
18287,0
18288,0
18289,0
18290,0
18291,0
18294,0
18295,0
18296,0
18297,0
18298,0
18299,0
18300,0
18301,0
18302,0
18303,0
18304,0
18305,0
18306,0
18307,0
18308,0
18309,0
18310,0
18312,0
18313,0
18314,0
18315,0
18316,0
18317,0
18318,0
18319,0
18320,0
18323,0
18324,0
18325,0
18326,0
18327,0
18328,0
18329,0
18330,0
18331,0
18332,0
18333,0
18334,0
18335,0
18336,0
18337,0
18339,0
18340,0
18341,0
18343,0
18345,0
18346,0
18348,0
18350,0
18351,0
18352,0
18353,0
18354,0
18355,0
18356,0
18357,0
18358,0
18360,0
18362,0
18363,0
18364,0
18365,0
18366,0
18367,0
18368,0
18369,0
18370,0
18371,0
18372,0
18374,0
18376,0
18377,0
18378,0
18379,0
18381,0
18382,0
18383,0
18384,0
18385,0
18386,0
18387,0
18388,0
18389,0
18390,0
18391,0
18393,0
18395,0
18396,0
18397,0
18398,0
18399,0
18400,0
18402,0
18403,0
18404,0
18405,0
18407,0
18409,0
18410,0
18411,0
18412,0
18413,0
18414,0
18415,0
18416,0
18417,0
18418,0
18419,1
18420,0
18421,0
18423,0
18569,0
18570,0
18571,0
18572,0
18574,0
18575,0
18577,0
18579,0
18580,0
18581,0
18584,0
18585,0
18586,0
18588,0
18589,0
18590,0
18591,0
18592,0
18593,0
18594,0
18595,0
18597,0
18598,0
18599,1
18600,0
18601,0
18604,0
18606,0
18607,0
18608,0
18609,0
18610,0
18612,0
18613,0
18614,0
18615,0
18616,0
18618,0
18619,0
18620,0
18621,0
18623,0
18624,0
18625,0
18626,0
18628,0
18629,0
18630,0
18631,0
18632,0
18633,0
18634,0
18635,0
18636,0
18637,0
18638,0
18639,0
18640,0
18643,0
18644,0
18645,0
18646,0
18648,0
18649,0
18650,0
18651,1
18652,1
18653,1
18654,1
18655,0
18656,0
18657,0
18658,0
18659,0
18660,0
18661,0
18663,0
18664,0
18665,0
18666,0
18667,0
18668,0
18669,0
18670,0
18672,0
18673,0
18674,0
18675,0
18679,1
18680,1
18681,0
18682,0
18683,0
18684,0
18685,0
18686,0
18687,0
18689,0
18690,0
18691,0
18693,0
18695,0
18696,0
18697,0
18698,0
18701,0
18704,0
18705,0
18706,0
18707,0
18709,0
